-- MySQL dump 10.13  Distrib 8.4.5, for Win64 (x86_64)
--
-- Host: localhost    Database: datatide_db
-- ------------------------------------------------------
-- Server version	8.4.5

/*!40101 SET @OLD_CHARACTER_SET_CLIENT=@@CHARACTER_SET_CLIENT */;
/*!40101 SET @OLD_CHARACTER_SET_RESULTS=@@CHARACTER_SET_RESULTS */;
/*!40101 SET @OLD_COLLATION_CONNECTION=@@COLLATION_CONNECTION */;
/*!50503 SET NAMES utf8mb4 */;
/*!40103 SET @OLD_TIME_ZONE=@@TIME_ZONE */;
/*!40103 SET TIME_ZONE='+00:00' */;
/*!40014 SET @OLD_UNIQUE_CHECKS=@@UNIQUE_CHECKS, UNIQUE_CHECKS=0 */;
/*!40014 SET @OLD_FOREIGN_KEY_CHECKS=@@FOREIGN_KEY_CHECKS, FOREIGN_KEY_CHECKS=0 */;
/*!40101 SET @OLD_SQL_MODE=@@SQL_MODE, SQL_MODE='NO_AUTO_VALUE_ON_ZERO' */;
/*!40111 SET @OLD_SQL_NOTES=@@SQL_NOTES, SQL_NOTES=0 */;

--
-- Table structure for table `alembic_version`
--

DROP TABLE IF EXISTS `alembic_version`;
/*!40101 SET @saved_cs_client     = @@character_set_client */;
/*!50503 SET character_set_client = utf8mb4 */;
CREATE TABLE `alembic_version` (
  `version_num` varchar(32) NOT NULL,
  PRIMARY KEY (`version_num`)
) ENGINE=InnoDB DEFAULT CHARSET=utf8mb3;
/*!40101 SET character_set_client = @saved_cs_client */;

--
-- Dumping data for table `alembic_version`
--

LOCK TABLES `alembic_version` WRITE;
/*!40000 ALTER TABLE `alembic_version` DISABLE KEYS */;
INSERT INTO `alembic_version` VALUES ('3f99cd2c2338');
/*!40000 ALTER TABLE `alembic_version` ENABLE KEYS */;
UNLOCK TABLES;

--
-- Table structure for table `ground_weather`
--

DROP TABLE IF EXISTS `ground_weather`;
/*!40101 SET @saved_cs_client     = @@character_set_client */;
/*!50503 SET character_set_client = utf8mb4 */;
CREATE TABLE `ground_weather` (
  `ground_pk` bigint NOT NULL AUTO_INCREMENT,
  `month_date` date DEFAULT NULL,
  `temperature` float DEFAULT NULL,
  `rain` float DEFAULT NULL,
  PRIMARY KEY (`ground_pk`)
) ENGINE=InnoDB AUTO_INCREMENT=128 DEFAULT CHARSET=utf8mb3;
/*!40101 SET character_set_client = @saved_cs_client */;

--
-- Dumping data for table `ground_weather`
--

LOCK TABLES `ground_weather` WRITE;
/*!40000 ALTER TABLE `ground_weather` DISABLE KEYS */;
INSERT INTO `ground_weather` VALUES (1,'2015-01-01',0.5,26.1),(2,'2015-02-01',2,25.4),(3,'2015-03-01',6.7,41.7),(4,'2015-04-01',12.7,128.7),(5,'2015-05-01',18.6,57.6),(6,'2015-06-01',21.7,96),(7,'2015-07-01',24.4,181.5),(8,'2015-08-01',25.2,113.4),(9,'2015-09-01',20.5,56),(10,'2015-10-01',15,67),(11,'2015-11-01',10.1,125.7),(12,'2015-12-01',3.5,40.6),(13,'2016-01-01',-0.9,24.6),(14,'2016-02-01',1.7,46.7),(15,'2016-03-01',7.2,57),(16,'2016-04-01',13.8,159.5),(17,'2016-05-01',18.6,98.7),(18,'2016-06-01',22.3,66.8),(19,'2016-07-01',25.4,309.7),(20,'2016-08-01',26.7,78.2),(21,'2016-09-01',21.6,206.2),(22,'2016-10-01',15.8,144.1),(23,'2016-11-01',7.8,32.5),(24,'2016-12-01',3.1,65),(25,'2017-01-01',0.1,14.4),(26,'2017-02-01',1.6,30.6),(27,'2017-03-01',6.3,23.9),(28,'2017-04-01',13.9,71),(29,'2017-05-01',18.7,30),(30,'2017-06-01',21.8,59.7),(31,'2017-07-01',26.4,313.5),(32,'2017-08-01',25.4,239.5),(33,'2017-09-01',20.6,99.3),(34,'2017-10-01',15.3,65.5),(35,'2017-11-01',6.8,13.1),(36,'2017-12-01',-0.1,22),(37,'2018-01-01',-2,21.3),(38,'2018-02-01',-0.2,31.9),(39,'2018-03-01',8.1,112.3),(40,'2018-04-01',13.3,137.1),(41,'2018-05-01',17.8,134.1),(42,'2018-06-01',22.2,137.5),(43,'2018-07-01',26.8,178.9),(44,'2018-08-01',27.3,304.3),(45,'2018-09-01',20.4,143.7),(46,'2018-10-01',13,157.8),(47,'2018-11-01',8.1,49.8),(48,'2018-12-01',1.1,28.4),(49,'2019-01-01',0.3,8),(50,'2019-02-01',2.4,32.2),(51,'2019-03-01',7.5,39.4),(52,'2019-04-01',12,78.9),(53,'2019-05-01',18.6,56.7),(54,'2019-06-01',21.3,150),(55,'2019-07-01',24.8,226.5),(56,'2019-08-01',26.2,136.9),(57,'2019-09-01',21.8,223),(58,'2019-10-01',15.5,160.5),(59,'2019-11-01',8.4,57.4),(60,'2019-12-01',2.5,26.5),(61,'2020-01-01',2.5,83.7),(62,'2020-02-01',3.4,58.7),(63,'2020-03-01',7.7,29.2),(64,'2020-04-01',10.6,41),(65,'2020-05-01',17.6,103.5),(66,'2020-06-01',22.7,182.9),(67,'2020-07-01',22.5,427.7),(68,'2020-08-01',26.4,420.8),(69,'2020-09-01',20.1,219.1),(70,'2020-10-01',13.7,10.5),(71,'2020-11-01',8.5,40.8),(72,'2020-12-01',0.4,7.8),(73,'2021-01-01',-1.1,19.9),(74,'2021-02-01',3.4,20.1),(75,'2021-03-01',8.7,110.7),(76,'2021-04-01',13.2,76.3),(77,'2021-05-01',16.6,143.8),(78,'2021-06-01',21.7,91.6),(79,'2021-07-01',26,233.8),(80,'2021-08-01',24.8,288.4),(81,'2021-09-01',21.3,145.8),(82,'2021-10-01',15.1,53.9),(83,'2021-11-01',8.3,58),(84,'2021-12-01',1.9,7.2),(85,'2022-01-01',-0.8,2.6),(86,'2022-02-01',-0.1,3.5),(87,'2022-03-01',7.7,89.4),(88,'2022-04-01',13.8,59.4),(89,'2022-05-01',18,5.8),(90,'2022-06-01',22.4,184.7),(91,'2022-07-01',25.9,178.4),(92,'2022-08-01',25.3,311.5),(93,'2022-09-01',21,150.8),(94,'2022-10-01',14,77.6),(95,'2022-11-01',9.6,61.6),(96,'2022-12-01',-1.4,15.2),(97,'2023-01-01',-0.6,40.5),(98,'2023-02-01',2.5,15.2),(99,'2023-03-01',9.4,28.7),(100,'2023-04-01',13.1,66.3),(101,'2023-05-01',17.9,193.4),(102,'2023-06-01',22.3,210),(103,'2023-07-01',25.5,506.1),(104,'2023-08-01',26.4,299.6),(105,'2023-09-01',22.6,197.3),(106,'2023-10-01',14.7,17),(107,'2023-11-01',7.9,63.4),(108,'2023-12-01',2.4,102.9),(109,'2024-01-01',0.9,31.9),(110,'2024-02-01',4.1,103.3),(111,'2024-03-01',6.9,64.7),(112,'2024-04-01',14.9,80.4),(113,'2024-05-01',17.7,117.6),(114,'2024-06-01',22.7,130.5),(115,'2024-07-01',26.2,380.8),(116,'2024-08-01',27.9,87.3),(117,'2024-09-01',24.7,241),(118,'2024-10-01',16.1,115.8),(119,'2024-11-01',9.7,59.6),(120,'2024-12-01',1.8,6.5),(121,'2025-01-01',-0.2,16.9),(122,'2025-02-01',-0.5,15.7),(123,'2025-03-01',7.6,48.3),(124,'2025-04-01',13.1,67.3),(125,'2025-05-01',16.8,117.3),(126,'2025-06-01',22.9,184.7),(127,'2025-07-01',27.1,247.6);
/*!40000 ALTER TABLE `ground_weather` ENABLE KEYS */;
UNLOCK TABLES;

--
-- Table structure for table `item`
--

DROP TABLE IF EXISTS `item`;
/*!40101 SET @saved_cs_client     = @@character_set_client */;
/*!50503 SET character_set_client = utf8mb4 */;
CREATE TABLE `item` (
  `item_pk` int NOT NULL AUTO_INCREMENT,
  `item_name` varchar(20) DEFAULT NULL,
  PRIMARY KEY (`item_pk`)
) ENGINE=InnoDB AUTO_INCREMENT=4 DEFAULT CHARSET=utf8mb3;
/*!40101 SET character_set_client = @saved_cs_client */;

--
-- Dumping data for table `item`
--

LOCK TABLES `item` WRITE;
/*!40000 ALTER TABLE `item` DISABLE KEYS */;
INSERT INTO `item` VALUES (1,'Calamari'),(2,'CutlassFish'),(3,'Mackerel');
/*!40000 ALTER TABLE `item` ENABLE KEYS */;
UNLOCK TABLES;

--
-- Table structure for table `item_predict`
--

DROP TABLE IF EXISTS `item_predict`;
/*!40101 SET @saved_cs_client     = @@character_set_client */;
/*!50503 SET character_set_client = utf8mb4 */;
CREATE TABLE `item_predict` (
  `predict_pk` bigint NOT NULL AUTO_INCREMENT,
  `item_pk` int DEFAULT NULL,
  `month_date` date DEFAULT NULL,
  `production` int DEFAULT NULL,
  `inbound` int DEFAULT NULL,
  `sales` int DEFAULT NULL,
  PRIMARY KEY (`predict_pk`),
  KEY `item_pk` (`item_pk`),
  CONSTRAINT `item_predict_ibfk_1` FOREIGN KEY (`item_pk`) REFERENCES `item` (`item_pk`)
) ENGINE=InnoDB DEFAULT CHARSET=utf8mb3;
/*!40101 SET character_set_client = @saved_cs_client */;

--
-- Dumping data for table `item_predict`
--

LOCK TABLES `item_predict` WRITE;
/*!40000 ALTER TABLE `item_predict` DISABLE KEYS */;
/*!40000 ALTER TABLE `item_predict` ENABLE KEYS */;
UNLOCK TABLES;

--
-- Table structure for table `item_retail`
--

DROP TABLE IF EXISTS `item_retail`;
/*!40101 SET @saved_cs_client     = @@character_set_client */;
/*!50503 SET character_set_client = utf8mb4 */;
CREATE TABLE `item_retail` (
  `retail_pk` bigint NOT NULL AUTO_INCREMENT,
  `item_pk` int DEFAULT NULL,
  `month_date` date DEFAULT NULL,
  `production` int DEFAULT NULL,
  `inbound` int DEFAULT NULL,
  `sales` int DEFAULT NULL,
  PRIMARY KEY (`retail_pk`),
  KEY `item_pk` (`item_pk`),
  CONSTRAINT `item_retail_ibfk_1` FOREIGN KEY (`item_pk`) REFERENCES `item` (`item_pk`)
) ENGINE=InnoDB AUTO_INCREMENT=382 DEFAULT CHARSET=utf8mb3;
/*!40101 SET character_set_client = @saved_cs_client */;

--
-- Dumping data for table `item_retail`
--

LOCK TABLES `item_retail` WRITE;
/*!40000 ALTER TABLE `item_retail` DISABLE KEYS */;
INSERT INTO `item_retail` VALUES (1,1,'2015-01-01',21010,12406,26306),(2,1,'2015-02-01',8671,9697,24239),(3,1,'2015-03-01',15366,11958,23325),(4,1,'2015-04-01',39179,13432,64814),(5,1,'2015-05-01',32441,12417,41296),(6,1,'2015-06-01',52751,11637,63149),(7,1,'2015-07-01',19987,11176,28435),(8,1,'2015-08-01',24057,11295,35838),(9,1,'2015-09-01',20879,13166,33859),(10,1,'2015-10-01',20685,14888,35496),(11,1,'2015-11-01',29584,10826,38188),(12,1,'2015-12-01',47929,10802,48062),(13,1,'2016-01-01',21194,13673,40993),(14,1,'2016-02-01',4556,12547,23679),(15,1,'2016-03-01',4754,14959,25516),(16,1,'2016-04-01',7548,9417,28115),(17,1,'2016-05-01',2021,10796,24057),(18,1,'2016-06-01',10455,13586,27103),(19,1,'2016-07-01',6841,10739,24136),(20,1,'2016-08-01',16490,17527,35927),(21,1,'2016-09-01',10558,14573,27406),(22,1,'2016-10-01',18921,13410,32957),(23,1,'2016-11-01',20418,14077,36090),(24,1,'2016-12-01',32216,14212,38967),(25,1,'2017-01-01',13630,16598,27740),(26,1,'2017-02-01',4931,15566,22928),(27,1,'2017-03-01',835,17419,21724),(28,1,'2017-04-01',12716,15743,30183),(29,1,'2017-05-01',10019,16834,28355),(30,1,'2017-06-01',5560,19172,26557),(31,1,'2017-07-01',11450,15257,26844),(32,1,'2017-08-01',21823,16777,35267),(33,1,'2017-09-01',12914,13641,26346),(34,1,'2017-10-01',10325,10059,20731),(35,1,'2017-11-01',11119,11080,22157),(36,1,'2017-12-01',13018,15349,26645),(37,1,'2018-01-01',8473,26372,33062),(38,1,'2018-02-01',775,15765,17944),(39,1,'2018-03-01',295,18136,19903),(40,1,'2018-04-01',52,23665,25771),(41,1,'2018-05-01',15131,25119,39195),(42,1,'2018-06-01',16920,19907,35291),(43,1,'2018-07-01',16634,20713,37289),(44,1,'2018-08-01',7005,21711,28571),(45,1,'2018-09-01',7076,18745,26078),(46,1,'2018-10-01',11856,22027,33727),(47,1,'2018-11-01',2918,16961,20469),(48,1,'2018-12-01',7031,15596,21938),(49,1,'2019-01-01',10157,18463,29984),(50,1,'2019-02-01',4970,11800,18786),(51,1,'2019-03-01',1264,21032,19412),(52,1,'2019-04-01',2179,22361,25583),(53,1,'2019-05-01',1778,25324,28223),(54,1,'2019-06-01',11951,19804,32103),(55,1,'2019-07-01',17065,23860,37215),(56,1,'2019-08-01',12054,27175,35904),(57,1,'2019-09-01',7330,20369,25443),(58,1,'2019-10-01',2027,18931,23951),(59,1,'2019-11-01',805,15195,18051),(60,1,'2019-12-01',2178,15665,17052),(61,1,'2020-01-01',5451,23643,30642),(62,1,'2020-02-01',4794,10991,16013),(63,1,'2020-03-01',4514,14594,17411),(64,1,'2020-04-01',301,15087,18722),(65,1,'2020-05-01',1011,14650,14457),(66,1,'2020-06-01',4389,16221,18965),(67,1,'2020-07-01',5161,18745,24069),(68,1,'2020-08-01',6477,25675,28591),(69,1,'2020-09-01',8031,32068,39386),(70,1,'2020-10-01',6409,36445,43625),(71,1,'2020-11-01',4184,38894,39560),(72,1,'2020-12-01',5898,29381,33970),(73,1,'2021-01-01',6133,26409,32055),(74,1,'2021-02-01',2164,20955,28584),(75,1,'2021-03-01',2616,23964,26569),(76,1,'2021-04-01',10096,21516,34794),(77,1,'2021-05-01',25677,26377,52281),(78,1,'2021-06-01',31238,18308,46506),(79,1,'2021-07-01',8459,17125,25012),(80,1,'2021-08-01',15553,16973,31108),(81,1,'2021-09-01',16713,22034,33157),(82,1,'2021-10-01',16964,19409,35814),(83,1,'2021-11-01',2188,22574,28095),(84,1,'2021-12-01',1674,19534,20082),(85,1,'2022-01-01',1510,15303,18175),(86,1,'2022-02-01',1641,15477,17759),(87,1,'2022-03-01',533,23199,25341),(88,1,'2022-04-01',23,11190,12810),(89,1,'2022-05-01',1078,19050,21167),(90,1,'2022-06-01',2298,12882,16346),(91,1,'2022-07-01',8713,20677,29100),(92,1,'2022-08-01',9895,27253,32937),(93,1,'2022-09-01',4992,20432,24795),(94,1,'2022-10-01',3708,26025,29383),(95,1,'2022-11-01',1148,20084,23391),(96,1,'2022-12-01',1804,31417,33905),(97,1,'2023-01-01',1360,13632,16644),(98,1,'2023-02-01',515,20915,23841),(99,1,'2023-03-01',8299,23605,34714),(100,1,'2023-04-01',7625,26744,35664),(101,1,'2023-05-01',4709,30228,35098),(102,1,'2023-06-01',8588,29891,38222),(103,1,'2023-07-01',10217,22051,31619),(104,1,'2023-08-01',10562,20388,28178),(105,1,'2023-09-01',4334,20767,26654),(106,1,'2023-10-01',3202,21942,25451),(107,1,'2023-11-01',831,23472,25291),(108,1,'2023-12-01',595,16806,19193),(109,1,'2024-01-01',772,23490,25277),(110,1,'2024-02-01',198,15735,15933),(111,1,'2024-03-01',95,15763,19276),(112,1,'2024-04-01',4482,18959,23455),(113,1,'2024-05-01',650,21108,20038),(114,1,'2024-06-01',1598,18950,18895),(115,1,'2024-07-01',1564,19802,20403),(116,1,'2024-08-01',3275,24581,26219),(117,1,'2024-09-01',3073,20151,23252),(118,1,'2024-10-01',1184,24016,25619),(119,1,'2024-11-01',286,17082,17985),(120,1,'2024-12-01',787,14412,15304),(121,1,'2025-01-01',929,12011,14298),(122,1,'2025-02-01',200,9980,11869),(123,1,'2025-03-01',135,16353,17873),(124,1,'2025-04-01',6,22571,23194),(125,1,'2025-05-01',682,26182,25735),(126,1,'2025-06-01',3428,27712,28450),(127,1,'2025-07-01',1055,31362,30183),(128,2,'2015-01-01',2178,1529,4067),(129,2,'2015-02-01',1946,928,2391),(130,2,'2015-03-01',1753,1795,4994),(131,2,'2015-04-01',1845,1377,3371),(132,2,'2015-05-01',209,2102,3186),(133,2,'2015-06-01',497,2208,3239),(134,2,'2015-07-01',2252,2723,5231),(135,2,'2015-08-01',8810,3051,11357),(136,2,'2015-09-01',7062,2955,9429),(137,2,'2015-10-01',5051,2916,8112),(138,2,'2015-11-01',5390,3218,7702),(139,2,'2015-12-01',4062,3214,6713),(140,2,'2016-01-01',3566,1873,5121),(141,2,'2016-02-01',2868,2125,4898),(142,2,'2016-03-01',2573,1643,5085),(143,2,'2016-04-01',692,1601,3117),(144,2,'2016-05-01',653,2260,3370),(145,2,'2016-06-01',1692,3522,4884),(146,2,'2016-07-01',1990,2756,4126),(147,2,'2016-08-01',3223,3914,6254),(148,2,'2016-09-01',4007,2402,4938),(149,2,'2016-10-01',3714,1417,6167),(150,2,'2016-11-01',3797,1795,4975),(151,2,'2016-12-01',3558,1715,4263),(152,2,'2017-01-01',2016,2131,3176),(153,2,'2017-02-01',914,1744,4385),(154,2,'2017-03-01',1931,1989,3346),(155,2,'2017-04-01',2577,1324,6167),(156,2,'2017-05-01',2096,1728,2992),(157,2,'2017-06-01',5620,1608,5083),(158,2,'2017-07-01',5980,3155,10931),(159,2,'2017-08-01',9507,2664,11158),(160,2,'2017-09-01',8365,2022,9948),(161,2,'2017-10-01',3775,1846,5660),(162,2,'2017-11-01',7265,1635,9170),(163,2,'2017-12-01',4438,1579,5765),(164,2,'2018-01-01',2920,1563,4564),(165,2,'2018-02-01',1722,1577,3325),(166,2,'2018-03-01',3170,1370,5629),(167,2,'2018-04-01',2286,1115,3302),(168,2,'2018-05-01',5103,1310,6847),(169,2,'2018-06-01',5106,2191,6742),(170,2,'2018-07-01',4765,1866,6884),(171,2,'2018-08-01',4332,1914,6488),(172,2,'2018-09-01',6646,932,7096),(173,2,'2018-10-01',5867,1254,7417),(174,2,'2018-11-01',6086,1220,6418),(175,2,'2018-12-01',5131,1410,6390),(176,2,'2019-01-01',3111,1146,4487),(177,2,'2019-02-01',492,1132,2297),(178,2,'2019-03-01',1558,1419,4187),(179,2,'2019-04-01',1178,1318,2560),(180,2,'2019-05-01',807,1686,2733),(181,2,'2019-06-01',3057,1382,4292),(182,2,'2019-07-01',3765,1152,5703),(183,2,'2019-08-01',4601,1414,5625),(184,2,'2019-09-01',4192,1242,6640),(185,2,'2019-10-01',5851,1110,6658),(186,2,'2019-11-01',8691,1480,9730),(187,2,'2019-12-01',6178,1176,7011),(188,2,'2020-01-01',3649,1000,4858),(189,2,'2020-02-01',3575,643,4416),(190,2,'2020-03-01',2941,1115,3196),(191,2,'2020-04-01',2097,1041,4063),(192,2,'2020-05-01',2342,1287,4757),(193,2,'2020-06-01',5135,1741,4437),(194,2,'2020-07-01',4720,1738,6372),(195,2,'2020-08-01',6256,1956,7208),(196,2,'2020-09-01',6413,1843,7973),(197,2,'2020-10-01',6614,2587,9114),(198,2,'2020-11-01',11197,2455,12475),(199,2,'2020-12-01',10701,1624,13610),(200,2,'2021-01-01',3434,1247,3909),(201,2,'2021-02-01',3643,958,5337),(202,2,'2021-03-01',3323,970,4711),(203,2,'2021-04-01',2160,852,4519),(204,2,'2021-05-01',1996,1148,4867),(205,2,'2021-06-01',5345,1202,4989),(206,2,'2021-07-01',5354,2316,6011),(207,2,'2021-08-01',6107,1274,6355),(208,2,'2021-09-01',6678,1542,9231),(209,2,'2021-10-01',7985,1363,6652),(210,2,'2021-11-01',9986,1869,10637),(211,2,'2021-12-01',7063,987,9743),(212,2,'2022-01-01',5905,774,4613),(213,2,'2022-02-01',2055,525,4006),(214,2,'2022-03-01',3098,1059,4400),(215,2,'2022-04-01',2561,674,4289),(216,2,'2022-05-01',1626,1761,5140),(217,2,'2022-06-01',4046,947,4247),(218,2,'2022-07-01',5438,2248,7266),(219,2,'2022-08-01',7132,1733,6550),(220,2,'2022-09-01',3262,906,6625),(221,2,'2022-10-01',3605,1647,4781),(222,2,'2022-11-01',6182,924,4519),(223,2,'2022-12-01',3585,0,0),(224,2,'2023-01-01',5609,0,0),(225,2,'2023-02-01',4510,855,3907),(226,2,'2023-03-01',3767,1361,6528),(227,2,'2023-04-01',2236,1464,3920),(228,2,'2023-05-01',1869,1534,4330),(229,2,'2023-06-01',4778,0,421),(230,2,'2023-07-01',4231,611,4981),(231,2,'2023-08-01',6823,0,172),(232,2,'2023-09-01',8093,0,610),(233,2,'2023-10-01',5907,1251,6805),(234,2,'2023-11-01',7544,0,215),(235,2,'2023-12-01',5831,1071,5898),(236,2,'2024-01-01',4103,1035,4219),(237,2,'2024-02-01',2067,1014,3105),(238,2,'2024-03-01',1019,867,4646),(239,2,'2024-04-01',2045,1102,3663),(240,2,'2024-05-01',915,1178,4595),(241,2,'2024-06-01',2289,0,298),(242,2,'2024-07-01',3271,0,202),(243,2,'2024-08-01',5148,0,174),(244,2,'2024-09-01',4408,0,72),(245,2,'2024-10-01',6167,789,5435),(246,2,'2024-11-01',6615,0,187),(247,2,'2024-12-01',6382,1248,8633),(248,2,'2025-01-01',971,695,831),(249,2,'2025-02-01',987,0,86),(250,2,'2025-03-01',1140,780,3181),(251,2,'2025-04-01',1420,758,2378),(252,2,'2025-05-01',1164,933,2475),(253,2,'2025-06-01',3481,1352,6720),(254,2,'2025-07-01',530,0,257),(255,3,'2015-01-01',15610,10685,5580),(256,3,'2015-02-01',7198,4524,9535),(257,3,'2015-03-01',14569,7566,19868),(258,3,'2015-04-01',10414,6118,17010),(259,3,'2015-05-01',347,3756,8514),(260,3,'2015-06-01',3804,3263,15232),(261,3,'2015-07-01',6843,2297,15270),(262,3,'2015-08-01',17476,1056,17691),(263,3,'2015-09-01',12322,768,16898),(264,3,'2015-10-01',13683,1207,13544),(265,3,'2015-11-01',15341,3481,13688),(266,3,'2015-12-01',14127,6707,12138),(267,3,'2016-01-01',15197,5067,22450),(268,3,'2016-02-01',2245,4484,21402),(269,3,'2016-03-01',3452,3954,20385),(270,3,'2016-04-01',5548,4605,15492),(271,3,'2016-05-01',2248,3880,15098),(272,3,'2016-06-01',2043,5000,9519),(273,3,'2016-07-01',5630,2184,12759),(274,3,'2016-08-01',13535,1789,16271),(275,3,'2016-09-01',19171,656,21386),(276,3,'2016-10-01',19842,703,17273),(277,3,'2016-11-01',28587,2645,18378),(278,3,'2016-12-01',15714,9958,9177),(279,3,'2017-01-01',9185,8578,7399),(280,3,'2017-02-01',2479,4650,14001),(281,3,'2017-03-01',1716,3584,13778),(282,3,'2017-04-01',217,3921,10403),(283,3,'2017-05-01',827,4320,11478),(284,3,'2017-06-01',2158,3289,14986),(285,3,'2017-07-01',7920,2087,15918),(286,3,'2017-08-01',14620,1828,17639),(287,3,'2017-09-01',11948,1197,20428),(288,3,'2017-10-01',6078,1169,8001),(289,3,'2017-11-01',11424,2918,17773),(290,3,'2017-12-01',35309,7746,22867),(291,3,'2018-01-01',15097,10666,17730),(292,3,'2018-02-01',2936,6115,5712),(293,3,'2018-03-01',11523,4597,17644),(294,3,'2018-04-01',3371,4177,11500),(295,3,'2018-05-01',278,2824,11387),(296,3,'2018-06-01',870,3253,13448),(297,3,'2018-07-01',11290,1959,11995),(298,3,'2018-08-01',17159,1219,13851),(299,3,'2018-09-01',29184,1615,24739),(300,3,'2018-10-01',17429,1189,11363),(301,3,'2018-11-01',21056,900,16024),(302,3,'2018-12-01',11330,3675,13563),(303,3,'2019-01-01',16329,5771,24238),(304,3,'2019-02-01',1907,3844,7960),(305,3,'2019-03-01',1792,4736,6655),(306,3,'2019-04-01',1030,4060,3488),(307,3,'2019-05-01',573,3599,7026),(308,3,'2019-06-01',696,2402,20818),(309,3,'2019-07-01',2085,4471,9263),(310,3,'2019-08-01',7249,3709,18235),(311,3,'2019-09-01',8289,1396,20770),(312,3,'2019-10-01',9171,1658,15740),(313,3,'2019-11-01',12690,2744,13746),(314,3,'2019-12-01',39570,4702,22745),(315,3,'2020-01-01',5801,5963,17046),(316,3,'2020-02-01',9980,2801,12162),(317,3,'2020-03-01',3712,9273,9793),(318,3,'2020-04-01',516,5201,14683),(319,3,'2020-05-01',520,2412,8201),(320,3,'2020-06-01',1418,2844,13148),(321,3,'2020-07-01',7320,3010,9511),(322,3,'2020-08-01',5363,2428,10625),(323,3,'2020-09-01',7485,1529,16057),(324,3,'2020-10-01',9131,1242,12926),(325,3,'2020-11-01',14149,1287,6702),(326,3,'2020-12-01',12002,8625,6712),(327,3,'2021-01-01',11482,9372,8850),(328,3,'2021-02-01',7213,4413,12625),(329,3,'2021-03-01',5862,10083,5768),(330,3,'2021-04-01',2785,6900,13799),(331,3,'2021-05-01',327,7977,15589),(332,3,'2021-06-01',1085,3322,5866),(333,3,'2021-07-01',3674,2333,6275),(334,3,'2021-08-01',7869,1132,11034),(335,3,'2021-09-01',16622,580,20340),(336,3,'2021-10-01',15009,639,12318),(337,3,'2021-11-01',18536,1441,11776),(338,3,'2021-12-01',31327,6172,18572),(339,3,'2022-01-01',15253,10092,16696),(340,3,'2022-02-01',2865,4727,15336),(341,3,'2022-03-01',4350,4977,9682),(342,3,'2022-04-01',492,4750,13171),(343,3,'2022-05-01',1048,5589,21278),(344,3,'2022-06-01',1608,3975,4611),(345,3,'2022-07-01',6878,7396,18435),(346,3,'2022-08-01',7102,4562,14359),(347,3,'2022-09-01',6332,3371,14477),(348,3,'2022-10-01',5706,655,28363),(349,3,'2022-11-01',25955,550,8645),(350,3,'2022-12-01',19209,1293,9265),(351,3,'2023-01-01',23126,117,15018),(352,3,'2023-02-01',2237,4323,11535),(353,3,'2023-03-01',10321,7704,13240),(354,3,'2023-04-01',7784,8016,14543),(355,3,'2023-05-01',1839,3952,15052),(356,3,'2023-06-01',4293,3327,8301),(357,3,'2023-07-01',11966,1479,10387),(358,3,'2023-08-01',8006,2796,20182),(359,3,'2023-09-01',13365,304,11087),(360,3,'2023-10-01',12652,166,18827),(361,3,'2023-11-01',15704,2089,18822),(362,3,'2023-12-01',8589,10425,11787),(363,3,'2024-01-01',8485,2492,15761),(364,3,'2024-02-01',9062,6068,13439),(365,3,'2024-03-01',3603,3224,7613),(366,3,'2024-04-01',8596,3997,10873),(367,3,'2024-05-01',1523,7041,14278),(368,3,'2024-06-01',6331,969,15551),(369,3,'2024-07-01',11605,1437,11464),(370,3,'2024-08-01',12293,1628,18201),(371,3,'2024-09-01',20714,1755,20102),(372,3,'2024-10-01',18095,1426,23075),(373,3,'2024-11-01',18963,3157,21367),(374,3,'2024-12-01',5423,7035,12847),(375,3,'2025-01-01',20373,6063,18914),(376,3,'2025-02-01',6168,6630,19138),(377,3,'2025-03-01',9508,6732,7439),(378,3,'2025-04-01',7182,5889,18087),(379,3,'2025-05-01',1642,5001,13370),(380,3,'2025-06-01',9959,1949,6840),(381,3,'2025-07-01',5651,2874,20687);
/*!40000 ALTER TABLE `item_retail` ENABLE KEYS */;
UNLOCK TABLES;

--
-- Table structure for table `location`
--

DROP TABLE IF EXISTS `location`;
/*!40101 SET @saved_cs_client     = @@character_set_client */;
/*!50503 SET character_set_client = utf8mb4 */;
CREATE TABLE `location` (
  `local_pk` int NOT NULL AUTO_INCREMENT,
  `local_name` varchar(30) DEFAULT NULL,
  PRIMARY KEY (`local_pk`)
) ENGINE=InnoDB AUTO_INCREMENT=10 DEFAULT CHARSET=utf8mb3;
/*!40101 SET character_set_client = @saved_cs_client */;

--
-- Dumping data for table `location`
--

LOCK TABLES `location` WRITE;
/*!40000 ALTER TABLE `location` DISABLE KEYS */;
INSERT INTO `location` VALUES (1,'강원'),(2,'경기'),(3,'경북'),(4,'부산'),(5,'전남'),(6,'전북'),(7,'제주'),(8,'충남'),(9,'통영');
/*!40000 ALTER TABLE `location` ENABLE KEYS */;
UNLOCK TABLES;

--
-- Table structure for table `sea_weather`
--

DROP TABLE IF EXISTS `sea_weather`;
/*!40101 SET @saved_cs_client     = @@character_set_client */;
/*!50503 SET character_set_client = utf8mb4 */;
CREATE TABLE `sea_weather` (
  `sea_pk` bigint NOT NULL AUTO_INCREMENT,
  `local_pk` int DEFAULT NULL,
  `month_date` date DEFAULT NULL,
  `temperature` float DEFAULT NULL,
  `wind` float DEFAULT NULL,
  `salinity` float DEFAULT NULL,
  `wave_height` float DEFAULT NULL,
  `wave_period` float DEFAULT NULL,
  `wave_speed` float DEFAULT NULL,
  `rain` float DEFAULT NULL,
  `snow` float DEFAULT NULL,
  PRIMARY KEY (`sea_pk`),
  KEY `local_pk` (`local_pk`),
  CONSTRAINT `sea_weather_ibfk_1` FOREIGN KEY (`local_pk`) REFERENCES `location` (`local_pk`)
) ENGINE=InnoDB AUTO_INCREMENT=1144 DEFAULT CHARSET=utf8mb3;
/*!40101 SET character_set_client = @saved_cs_client */;

--
-- Dumping data for table `sea_weather`
--

LOCK TABLES `sea_weather` WRITE;
/*!40000 ALTER TABLE `sea_weather` DISABLE KEYS */;
INSERT INTO `sea_weather` VALUES (1,1,'2015-01-01',8.7,1.3,33.8,187.7,6.8,11.7,8.7,3),(2,1,'2015-02-01',4.9,1.5,34,187.3,6.8,10.7,32.1,8.7),(3,1,'2015-03-01',5.8,1.5,34,149.6,6.1,9.3,8,0),(4,1,'2015-04-01',7.8,1.7,33.8,112.5,5.4,13.2,74.2,0),(5,1,'2015-05-01',12.1,1.6,33.6,76.6,4.5,12.8,9.2,0),(6,1,'2015-06-01',17.7,1.4,33.3,91.5,5.3,12.6,127.7,0),(7,1,'2015-07-01',20.5,1.3,31.1,91,5.1,16.6,163.1,0),(8,1,'2015-08-01',25,1.5,30.4,95.5,5.5,22.5,198.6,0),(9,1,'2015-09-01',21.4,1.4,31.7,117.3,5.8,18.1,13.5,0),(10,1,'2015-10-01',20.5,1.4,31.9,117.1,5.6,27.9,27.4,0),(11,1,'2015-11-01',17.8,1.7,30.2,177.2,6.3,18.6,463.5,0),(12,1,'2015-12-01',16.5,1.2,29.4,153.9,6.1,43.4,1.7,0),(13,1,'2016-01-01',9.8,1.6,18.6,1.4,7.1,27.5,6.6,0),(14,1,'2016-02-01',7.1,1.5,33.6,1.1,6.4,46.2,38.3,0),(15,1,'2016-03-01',7.4,1.3,33.5,0.9,5.5,28.1,31.8,0),(16,1,'2016-04-01',9.4,1.6,33.6,0.9,5.6,52.7,77.5,0),(17,1,'2016-05-01',11.6,1.6,33.5,0.7,4.9,27.3,35.7,0),(18,1,'2016-06-01',15.6,1.4,33.3,0.6,5.6,37.6,62.2,0),(19,1,'2016-07-01',18.1,1.2,31.1,0.5,5.6,58,477.8,0),(20,1,'2016-08-01',21.5,1.4,30,0.8,5,48.3,186.9,0),(21,1,'2016-09-01',21.1,1.3,31.4,1,6.1,40.6,126,0),(22,1,'2016-10-01',19,1.3,31.4,1.1,6,18.8,128.5,0),(23,1,'2016-11-01',15.7,1.3,32.5,1.3,7.2,16,40.8,0),(24,1,'2016-12-01',12.8,1.3,32.7,1.4,7.1,15.3,121.7,0),(25,1,'2017-01-01',10.6,1.4,33,1.4,7.3,44.1,82.4,0),(26,1,'2017-02-01',9.6,1.6,32.3,1.5,7.4,38.2,3.2,0),(27,1,'2017-03-01',9.8,1.4,33.9,0.9,5.9,37.3,48.7,0),(28,1,'2017-04-01',11.1,1.7,33.8,0.9,5.6,18,46.8,0),(29,1,'2017-05-01',13.2,1.6,33.9,99.6,5.3,21.2,25.2,0),(30,1,'2017-06-01',16.5,1.5,33.7,0.7,5.8,15.1,69.7,0),(31,1,'2017-07-01',18.8,1.2,33.2,0.4,4.6,11.8,270.3,0),(32,1,'2017-08-01',21,1.1,32.1,0.8,5.8,11.6,424.9,0),(33,1,'2017-09-01',20.9,1.3,31.8,0.8,5.5,18.4,50.5,0),(34,1,'2017-10-01',18.3,1.2,33.4,1.4,6.4,20.8,135.4,0),(35,1,'2017-11-01',15.6,1.4,34.1,1.1,6.6,23.5,41.2,0),(36,1,'2017-12-01',12.6,1.5,34.8,1.4,7.2,37.8,9.9,0),(37,1,'2018-01-01',8.7,1.4,35,1.4,7.4,39.1,3.9,0),(38,1,'2018-02-01',7.6,1.5,33.9,1.3,6.6,29.6,54.4,0),(39,1,'2018-03-01',7.6,1.8,33.4,1.2,7.7,21.4,55,0),(40,1,'2018-04-01',9.6,1.7,33.4,0.9,5.7,19,141.7,0),(41,1,'2018-05-01',12.4,1.5,33.2,0.8,5.5,28.3,123.6,0),(42,1,'2018-06-01',15.1,1.2,33.4,0.6,5.4,19.7,46.5,0),(43,1,'2018-07-01',18.8,1.2,31.7,0.7,5.9,18.5,185.4,0),(44,1,'2018-08-01',22.5,1.4,31.3,0.8,6.4,26.1,625,0),(45,1,'2018-09-01',21.6,1.3,31.4,0.8,5.6,31,66.1,0),(46,1,'2018-10-01',19.8,1.3,32.1,0.9,6.3,21.6,257.6,0),(47,1,'2018-11-01',16.6,1.1,32.8,0.8,5.9,35.7,207.4,0),(48,1,'2018-12-01',13.4,1.2,33.6,1.2,6.8,24,10.4,0),(49,1,'2019-01-01',10.7,1.3,33.9,1.2,7.2,19.2,8.7,0),(50,1,'2019-02-01',9.5,1.3,33.9,1,6.2,31.3,27.6,0),(51,1,'2019-03-01',10,1.5,34,0.9,6,36,44.4,0),(52,1,'2019-04-01',11.1,1.6,33.9,0.8,5.3,22.7,80.9,0),(53,1,'2019-05-01',13.2,1.5,33.7,0.5,4.7,30.7,5.7,0),(54,1,'2019-06-01',16.1,1.4,33.3,0.7,5.1,20.3,97.8,0),(55,1,'2019-07-01',19.7,1.5,32.7,0.7,5.7,21,234.4,0),(56,1,'2019-08-01',22.3,1.4,31.8,0.7,6.2,22.8,293.5,0),(57,1,'2019-09-01',22.1,1.1,31.9,0.9,5.9,33.2,209.9,0),(58,1,'2019-10-01',20.3,1.4,31.2,1.3,7,35.2,185.5,0),(59,1,'2019-11-01',17.8,1.1,32.6,177.5,6.4,25.7,157.3,0),(60,1,'2019-12-01',14.4,1.1,33.3,1.1,6.8,19,9.8,0),(61,1,'2020-01-01',12.5,1.4,33.3,197.1,7.1,18.6,148.1,0),(62,1,'2020-02-01',11.1,1.4,33.6,1.3,7.3,13.8,55.8,0),(63,1,'2020-03-01',10.9,1.7,33.5,170.6,6.9,19.3,38,0),(64,1,'2020-04-01',11.8,1.8,33.7,142.1,6.5,24.6,38.4,0),(65,1,'2020-05-01',13.6,1.7,33.3,104,5.3,24.8,245.1,0),(66,1,'2020-06-01',16.3,1.6,33.3,79.6,5.2,23.4,271.9,0),(67,1,'2020-07-01',19.2,1.6,30.9,99.2,6.3,19,374.7,0),(68,1,'2020-08-01',20.9,1.1,30,94.2,6.3,20.7,411.3,0),(69,1,'2020-09-01',21.3,1.7,29.3,1,7.9,7.8,482.8,0),(70,1,'2020-10-01',19.1,1.2,32,112.5,5.6,22,0,0),(71,1,'2020-11-01',16.8,1.2,32.6,152.1,6,13.5,19.2,0),(72,1,'2020-12-01',13.4,1.4,33.4,178.4,6.2,21.2,0.5,0),(73,1,'2021-01-01',9.9,1.3,33.5,0.9,6.7,25.2,0,0),(74,1,'2021-02-01',8,1.5,33.7,0.8,6.4,20,5,0),(75,1,'2021-03-01',8.8,1.4,33.5,0.9,6.2,22.7,104.2,0),(76,1,'2021-04-01',10.8,1.7,33.6,0.8,5.6,27,97.2,0),(77,1,'2021-05-01',12.7,1.5,33.4,0.6,5.7,22,154.9,0),(78,1,'2021-06-01',16,1.4,33.2,0.5,4.7,14.9,43.8,0),(79,1,'2021-07-01',20.2,1.2,32.7,0.4,4.6,18.7,104.1,0),(80,1,'2021-08-01',23,1.2,32,0.9,6,28.4,247.1,0),(81,1,'2021-09-01',22.4,1.4,31.4,0.8,5.8,21.8,141.6,0),(82,1,'2021-10-01',21,1.3,31.3,1,6.3,27.9,216.9,0),(83,1,'2021-11-01',18.2,1.4,32.6,0.7,6,38,16.2,0),(84,1,'2021-12-01',14.3,5.1,33.5,1,7,29.3,68.7,0),(85,1,'2022-01-01',10.3,1.3,33.7,1.4,7.7,9.9,3.6,0),(86,1,'2022-02-01',8.4,1.6,33.7,1.2,7,9,11.1,0),(87,1,'2022-03-01',8.3,1.5,33.4,0.9,5.9,13.2,114.5,0),(88,1,'2022-04-01',10.2,1.6,33.4,0.7,4.9,13.8,33.5,0),(89,1,'2022-05-01',13,1.6,33.6,0.5,4.5,17.7,9.1,0),(90,1,'2022-06-01',16.4,1.4,32.7,0.7,5.2,12.5,248.7,0),(91,1,'2022-07-01',20.1,1.2,31.5,0.6,5,20,213.1,0),(92,1,'2022-08-01',22.4,1.1,30.2,0.5,5.4,10.3,323.7,0),(93,1,'2022-09-01',22,1.2,29.9,0.9,6.3,15.9,263.8,0),(94,1,'2022-10-01',19.8,1.3,31,1.1,6.7,15.1,377.1,0),(95,1,'2022-11-01',17.3,1.3,32.6,0.9,6.4,14.2,38.4,0),(96,1,'2022-12-01',13.8,1.7,33.3,1.2,7.5,10,0.7,0),(97,1,'2023-01-01',10.7,1.4,33.4,1.1,6.4,13.3,94.7,0),(98,1,'2023-02-01',9.5,1.3,33.4,0.9,5.9,12.3,43.4,0),(99,1,'2023-03-01',10.2,1.6,33.5,0.6,5.1,8.4,10.1,0),(100,1,'2023-04-01',11.4,1.8,33.5,0.7,3.2,12.3,57,0),(101,1,'2023-05-01',13.2,1.4,33.4,0.6,5.2,12.2,81,0),(102,1,'2023-06-01',16.8,1.5,33,0.5,5.2,15.1,200.1,0),(103,1,'2023-07-01',20.1,1.2,32.3,0.5,5.1,16.4,108.2,0),(104,1,'2023-08-01',21.9,1.3,31.2,1,5.8,25,669.6,0),(105,1,'2023-09-01',22.2,1.3,29.9,0.7,5,7.7,208.2,0),(106,1,'2023-10-01',21.2,1.6,31.8,0.7,5.6,12.7,31.4,0),(107,1,'2023-11-01',17.6,2,32.6,0.9,6.4,15.2,60.1,0),(108,1,'2023-12-01',13.3,2,32.8,1.2,6.5,14.8,205,0),(109,1,'2024-01-01',9.6,1.7,33.2,1.3,7.4,10.3,11.6,0),(110,1,'2024-02-01',7.6,1.5,32.5,1.2,6.5,7.9,125.7,0),(111,1,'2024-03-01',7.6,1.6,32.6,1.1,6.2,10.3,58.6,0),(112,1,'2024-04-01',10.5,1.5,32.8,0.7,5.1,20.3,63.4,0),(113,1,'2024-05-01',13.7,1.7,33,136,5.8,14.8,63.4,0),(114,1,'2024-06-01',17.8,1.3,33.2,0.6,4.8,11.1,133.8,0),(115,1,'2024-07-01',21.1,1.5,32.6,0.4,4.5,12.8,109.3,0),(116,1,'2024-08-01',24,1.3,32.4,0.6,5.3,17.3,46.4,0),(117,1,'2024-09-01',24,1.4,30.6,1,5.6,22.8,457.9,0),(118,1,'2024-10-01',21.6,1.5,30.8,1,6.3,12.3,143.2,0),(119,1,'2024-11-01',19.1,1.7,32,1,6.2,11.1,17.6,0),(120,1,'2024-12-01',14.3,2,33.1,1,6.6,9,3.2,0),(121,1,'2025-01-01',11.2,2,33.5,0.9,6.8,34.8,14.5,0),(122,1,'2025-02-01',8.7,2.1,33.6,0.9,7.1,37.7,0,0),(123,1,'2025-03-01',8.3,4.8,33.3,1,6,10.5,98.4,0),(124,1,'2025-04-01',9.6,4.1,33.3,0.7,5.6,15.2,48.2,0),(125,1,'2025-05-01',12.3,1.6,33.1,0.5,5,12.4,72.2,0),(126,1,'2025-06-01',16.6,1.3,33.3,0.4,4.5,13.2,30.2,0),(127,1,'2025-07-01',21,1.3,32.7,0.5,4.5,14.1,148.6,0),(128,2,'2015-01-01',2.8,4.1,27.5,0,3.2,38,10.3,1.8),(129,2,'2015-02-01',2.9,3.8,24.9,0,3.3,41.5,22.8,0.4),(130,2,'2015-03-01',5.1,3.8,26.5,0,3.1,39,10,0),(131,2,'2015-04-01',10.1,3.4,27.6,0,3.1,41.9,53.7,0),(132,2,'2015-05-01',15.6,3.3,26.8,0.1,3.1,38.1,30.1,0),(133,2,'2015-06-01',20.5,3.2,27.5,0,3.1,38,63.6,0),(134,2,'2015-07-01',23.8,3.6,28.6,0,3,52,175.8,0),(135,2,'2015-08-01',26.2,3.4,28.8,0.3,4.9,57,45.5,0),(136,2,'2015-09-01',24.7,3.5,29.7,91.1,5.5,52.1,13.5,0),(137,2,'2015-10-01',20.1,4,26.6,0.6,5.9,52,87,0),(138,2,'2015-11-01',14.9,3.8,26.6,0.6,5.9,48.6,107.7,0.7),(139,2,'2015-12-01',8.2,3.8,26.3,0.4,4.1,49.6,32,3.9),(140,2,'2016-01-01',3.7,4,25,0.5,4.5,77.9,2.8,2.7),(141,2,'2016-02-01',2.4,4.2,26.5,0.5,4.6,77.9,43.1,5.8),(142,2,'2016-03-01',5.6,3.4,29.4,0.3,4.2,71.7,44.1,0),(143,2,'2016-04-01',10.6,3.3,31.1,0.3,4,69.7,80.8,0),(144,2,'2016-05-01',17.6,3.5,30.2,0.3,4,72.1,148.5,0),(145,2,'2016-06-01',21.5,3.1,30.7,0.3,4.1,76.9,19.5,0),(146,2,'2016-07-01',24.2,3,28.9,0.4,4.9,80.6,300.5,0),(147,2,'2016-08-01',27.8,3.5,29.5,0.2,4,77.7,26.5,0),(148,2,'2016-09-01',24.9,3.1,30.3,0.3,4.2,82.5,34.5,0),(149,2,'2016-10-01',20.7,3.8,30.7,0.3,4.1,78.7,78.7,0),(150,2,'2016-11-01',13.4,3.9,31.2,0.4,4.2,76.4,18.2,0.5),(151,2,'2016-12-01',7.5,3.9,31.5,0.5,4.3,77.2,67.1,1.8),(152,2,'2017-01-01',4.2,4,31.4,0.4,4.3,78.4,20.6,8.1),(153,2,'2017-02-01',2.4,4.1,32.3,0.4,4.3,77.2,16.2,1.7),(154,2,'2017-03-01',5.8,3.3,31.9,0.3,3.8,80.9,9.7,0),(155,2,'2017-04-01',10.7,3.5,31.6,0.4,3.9,79.1,57,0),(156,2,'2017-05-01',15.4,3.2,30.5,0.3,3.8,77.1,21.6,0),(157,2,'2017-06-01',20.9,3.4,31.5,0.3,3.8,75.3,49.3,0),(158,2,'2017-07-01',24.8,2.8,29,0.4,4.3,82.1,478.3,0),(159,2,'2017-08-01',26.1,3.2,28.2,0.3,4.5,79.1,250.5,0),(160,2,'2017-09-01',24.1,3.5,29,0.3,3.9,77.7,21.6,0),(161,2,'2017-10-01',19.8,3.8,30.2,0.3,3.7,71.7,21.8,0),(162,2,'2017-11-01',13.1,2.3,29.2,0.3,4.9,78.2,42.2,1.5),(163,2,'2017-12-01',5.2,3.9,31.1,0.5,4.4,79.5,40.1,4.1),(164,2,'2018-01-01',1.9,3.8,31.3,0.4,4.4,80.4,4.5,2.9),(165,2,'2018-02-01',0.1,3.9,31.3,0.5,4.1,79.2,27,2.9),(166,2,'2018-03-01',4.8,3.3,30.8,0.3,4,80.5,78.6,0),(167,2,'2018-04-01',9.7,3.6,30.3,0.3,4,82.1,112.2,0),(168,2,'2018-05-01',14.1,3.3,29.4,0.3,4,80.2,158.9,0),(169,2,'2018-06-01',18.5,2.7,29.2,0.3,4.2,77.3,144,0),(170,2,'2018-07-01',22.4,2.7,28.4,0.3,5.1,80.9,148.8,0),(171,2,'2018-08-01',26.4,3.6,30.3,0.4,4.9,79.7,214.9,0),(172,2,'2018-09-01',23.1,3.7,28.6,0.3,4.3,81.2,46.1,0),(173,2,'2018-10-01',17.8,3.8,30.2,0.4,4.1,77.9,116.2,0),(174,2,'2018-11-01',12.8,3.2,29.7,0.3,3.8,78.1,66.6,1.6),(175,2,'2018-12-01',6.1,4.1,30.4,0.4,4,74.6,16.6,4.2),(176,2,'2019-01-01',2,3.4,31.6,0.9,5.1,78.3,0.7,0.6),(177,2,'2019-02-01',2,3.1,30.8,0.8,4.9,80.5,26.6,4.2),(178,2,'2019-03-01',6.2,3.8,29.7,0.8,5.1,76,28.4,0),(179,2,'2019-04-01',9.9,3.1,29.9,0.4,4.8,76.7,41.1,0),(180,2,'2019-05-01',15.3,3.3,30.3,0.4,4.7,74.8,33.2,0),(181,2,'2019-06-01',20.3,3.1,30,0.3,5,74.1,49.7,0),(182,2,'2019-07-01',23.9,3.3,30.7,0.5,6.2,75.1,220.8,0),(183,2,'2019-08-01',26.6,3.3,29.5,0.6,6.2,79.3,143.7,0),(184,2,'2019-09-01',24.6,3.5,28.6,0.6,4.9,80.5,229,0),(185,2,'2019-10-01',20.7,3.5,29.8,1,4.9,78.9,31.9,0),(186,2,'2019-11-01',14.5,3.7,30.8,1.1,5.2,77.4,89.4,0),(187,2,'2019-12-01',7.9,3.8,31.1,1.2,5.2,76.7,25,0),(188,2,'2020-01-01',5.1,3.4,30.6,1.1,4.7,76.5,48.6,0),(189,2,'2020-02-01',5.1,3.6,30.4,1.1,5.1,77.8,49.7,3.5),(190,2,'2020-03-01',7.3,4.1,30.1,1.1,4.9,77.3,10.7,0),(191,2,'2020-04-01',10.8,4.8,30,0.8,4.7,79.2,13.8,0),(192,2,'2020-05-01',15.3,3.1,30.8,0.7,4.9,34.6,101.2,0),(193,2,'2020-06-01',20.6,3.3,30.2,0.6,5.3,66.9,100.2,0),(194,2,'2020-07-01',23,3.5,29.5,0.7,5.6,72.4,243.5,0),(195,2,'2020-08-01',24.3,3.6,23.7,0.9,5.9,76.7,486.4,0),(196,2,'2020-09-01',23.9,4.5,25.6,0.7,4.5,79.4,167.7,0),(197,2,'2020-10-01',18.8,3.7,28.2,0.8,4.4,78.1,1.9,0),(198,2,'2020-11-01',13.6,3.8,29.1,1.1,5.3,75.4,81.6,0),(199,2,'2020-12-01',6.8,3.8,29.4,1.2,5.2,74.9,6.6,1.2),(200,2,'2021-01-01',2,3.8,29.9,1.4,5.5,78.6,20.8,4),(201,2,'2021-02-01',2.5,3.9,29.8,1.3,5.8,77,6.6,4.6),(202,2,'2021-03-01',6.3,3.1,28.2,0.7,4.9,79.6,93.4,0.4),(203,2,'2021-04-01',11.3,3.4,28.9,0.7,5.6,76.3,116.9,0),(204,2,'2021-05-01',15.2,3.4,28.5,0.7,5.1,75,191.5,0),(205,2,'2021-06-01',19.7,2.5,27.5,0.5,5.4,73.9,45.4,0),(206,2,'2021-07-01',24.5,2.3,28.6,0.8,6.6,74.6,84.2,0),(207,2,'2021-08-01',26.8,3.1,28.4,0.7,6,72.2,269,0),(208,2,'2021-09-01',24.6,3.4,28.9,0.9,5.4,73,125.8,0),(209,2,'2021-10-01',20.8,3.3,29.4,0.9,5.1,70.4,31.6,0),(210,2,'2021-11-01',14.6,3.6,29.9,1.2,5.4,70.6,79,0),(211,2,'2021-12-01',7.8,4,30.1,1.5,5.7,69.4,7.6,5.2),(212,2,'2022-01-01',2.9,3.5,29.3,1.1,4.9,70.6,4.4,3.1),(213,2,'2022-02-01',2.3,4.1,30.4,1.2,5.3,70.3,2.7,5.3),(214,2,'2022-03-01',5.4,3.2,30.3,1,5.1,77.3,84.6,0),(215,2,'2022-04-01',10.9,3.2,30.1,0.6,4.8,75.3,21.1,0),(216,2,'2022-05-01',16.4,3.4,30.2,0.7,5.2,70.8,5.4,0),(217,2,'2022-06-01',20.9,3.6,30.2,0.9,5.6,72,286,0),(218,2,'2022-07-01',24.8,3.1,27.3,0.7,5.7,74.7,215.2,0),(219,2,'2022-08-01',26.6,3.6,25.1,0.9,5.7,79.2,635.9,0),(220,2,'2022-09-01',24.2,3.8,26.8,0.9,6,72.9,167.8,0),(221,2,'2022-10-01',19.4,3.8,28.1,1,5.4,75.7,102.1,0),(222,2,'2022-11-01',15,3.4,29.1,1,5.2,31.4,81.3,0),(223,2,'2022-12-01',6.7,4,29.5,1.5,5.6,32.5,14,5.6),(224,2,'2023-01-01',3,3.6,29.7,1.3,5.1,33,47.2,8.4),(225,2,'2023-02-01',3.1,3.3,29.9,1,6.5,35.6,0.5,0),(226,2,'2023-03-01',6.6,3.2,30,0.9,6.1,33.1,10,0),(227,2,'2023-04-01',11.1,3.5,29.9,0.8,6.2,32.3,70.4,0),(228,2,'2023-05-01',15.9,2.7,29.6,0.6,5.4,30.6,133.8,0),(229,2,'2023-06-01',20.9,2.8,29.5,0.7,6.2,30.2,116.2,0),(230,2,'2023-07-01',24.4,3.1,26.1,0.9,6.7,32.9,370.8,0),(231,2,'2023-08-01',27.1,3.3,26.8,0.7,5.8,34.1,297.5,0),(232,2,'2023-09-01',25.8,3.1,27.7,0.5,5.4,33.4,129.2,0),(233,2,'2023-10-01',20.6,3.4,28.7,0.8,4.8,33.6,16.8,0),(234,2,'2023-11-01',14.2,4.7,29.2,1.5,5.6,31.7,63.1,0),(235,2,'2023-12-01',6.9,4,29.5,1.4,5.5,30.6,75.9,4.1),(236,2,'2024-01-01',3.9,3.7,29.5,1.2,5.2,30.2,16.3,1.7),(237,2,'2024-02-01',4.2,3.5,29.7,1.2,5.4,34.1,63.8,9.9),(238,2,'2024-03-01',6.5,4,29.5,1,5.3,33.7,19.2,0),(239,2,'2024-04-01',11.7,2.6,29.4,0.2,5.5,31.7,35.3,0),(240,2,'2024-05-01',16.5,3.3,29,0.6,5.4,30.3,122.6,0),(241,2,'2024-06-01',21.6,2.8,29.3,0.6,5.2,31,101.8,0),(242,2,'2024-07-01',25,3.8,26.6,1.1,6.5,31,342.9,0),(243,2,'2024-08-01',28.4,3,27.1,0.3,3.8,32.4,86.7,0),(244,2,'2024-09-01',27.7,3.4,28.5,0.7,5.3,34.7,122.9,0),(245,2,'2024-10-01',21.9,3.5,29.2,0.3,4,32.5,82.1,0),(246,2,'2024-11-01',16,4,30,0.5,4.5,32.3,62.2,26),(247,2,'2024-12-01',7.8,4,30.3,1.4,5.5,32.1,5,4.3),(248,2,'2025-01-01',3.8,3.7,30.6,1.3,5.1,31.2,19.6,6.3),(249,2,'2025-02-01',2.2,4.3,30.7,1.5,5.4,31.6,3.5,3.3),(250,2,'2025-03-01',5.6,4.8,30.6,1,5.2,33.1,26.5,3.6),(251,2,'2025-04-01',10.3,4,30.5,0.8,5.1,32.4,106.2,0),(252,2,'2025-05-01',15,3.2,29.9,0.4,3.9,31.6,98.2,0),(253,2,'2025-06-01',20.4,2.8,31.4,0.7,5.3,31.5,147.9,0),(254,2,'2025-07-01',24.7,2.7,28.7,0.7,6.4,30.7,260.1,0),(255,3,'2015-01-01',8.1,7.3,33.9,187.7,6.8,11.7,9.9,0),(256,3,'2015-02-01',8.1,6.8,33.9,187.3,6.8,10.7,9.1,0),(257,3,'2015-03-01',9.8,6.6,34.1,149.6,6.1,9.3,36.5,0),(258,3,'2015-04-01',12.7,7.4,34,112.5,5.4,13.2,85.5,0),(259,3,'2015-05-01',15.3,5.9,33.8,76.6,4.5,12.8,12.1,0),(260,3,'2015-06-01',18.1,5.6,30.2,91.5,5.3,12.6,103.6,0),(261,3,'2015-07-01',19.2,6.5,31.3,91,5.1,16.6,98,0),(262,3,'2015-08-01',22.7,4.9,29.4,95.5,5.5,22.5,111.1,0),(263,3,'2015-09-01',23.3,6,32.2,117.3,5.8,18.1,82,0),(264,3,'2015-10-01',19.9,5.6,31.3,117.1,5.6,27.9,16.5,0),(265,3,'2015-11-01',15.9,7.9,32.3,177.2,6.3,18.6,220.5,0),(266,3,'2015-12-01',12.1,6.4,33.2,153.9,6.1,43.4,26.5,0),(267,3,'2016-01-01',8.2,7.4,34,1.4,7.1,27.5,12.5,0),(268,3,'2016-02-01',8.6,6.9,33.9,1.1,6.4,46.2,18.1,0),(269,3,'2016-03-01',11.2,6.2,33.1,0.9,5.5,28.1,27.1,0),(270,3,'2016-04-01',12.9,7.6,32.6,0.9,5.6,52.7,158.5,0),(271,3,'2016-05-01',17.1,6.7,32.6,0.7,4.9,27.3,27.1,0),(272,3,'2016-06-01',21.1,5.2,32.4,0.6,5.6,37.6,56.3,0),(273,3,'2016-07-01',24,4.4,31.1,0.5,5.6,58,173.2,0),(274,3,'2016-08-01',30.3,5.3,30.4,0.8,5,48.3,69.6,0),(275,3,'2016-09-01',26,5.7,28.3,1,6.1,40.6,322.6,0),(276,3,'2016-10-01',23.2,5.5,29.4,1.1,6,18.8,136.2,0),(277,3,'2016-11-01',16.2,6.5,32.2,1.3,7.2,16,44.3,0),(278,3,'2016-12-01',11.7,6.8,33.5,1.4,7.1,15.3,42.8,0),(279,3,'2017-01-01',9.7,7.3,34,1.4,7.3,44.1,21.5,0),(280,3,'2017-02-01',9.2,7.4,32.3,1.5,7.4,38.2,16,0),(281,3,'2017-03-01',11.4,5.9,34.4,0.9,5.9,37.3,9,0),(282,3,'2017-04-01',13.9,5.6,34.3,0.9,5.6,18,57,0),(283,3,'2017-05-01',15.3,5.3,34.4,99.6,6.1,21.2,15.9,0),(284,3,'2017-06-01',19,5.8,34.2,0.7,5.8,15.1,34.8,0),(285,3,'2017-07-01',18.4,4.6,34.1,0.4,4.6,11.8,172.4,0),(286,3,'2017-08-01',25.9,5.8,31.6,0.8,5.8,11.6,322.1,0),(287,3,'2017-09-01',24,5.5,31.9,0.8,5.5,18.4,103.8,0),(288,3,'2017-10-01',20.2,6.4,31.6,1.4,6.4,20.8,121.2,0),(289,3,'2017-11-01',14.6,6.6,33.3,1.1,6.6,23.5,0.1,0),(290,3,'2017-12-01',8.5,7.2,33.9,1.4,7.2,37.8,6.5,0),(291,3,'2018-01-01',7.9,6.9,34.2,1.4,7.4,39.1,12,0),(292,3,'2018-02-01',6.8,6.9,34.2,1.3,6.6,29.6,30,0),(293,3,'2018-03-01',9.4,8.6,33.2,1.2,7.7,21.4,105.5,0),(294,3,'2018-04-01',13,7.8,33.7,0.9,5.7,19,149.6,0),(295,3,'2018-05-01',15.9,7.1,34,0.8,5.5,28.3,71.4,0),(296,3,'2018-06-01',18.2,6.2,34.2,0.6,5.4,19.7,29.3,0),(297,3,'2018-07-01',20.5,5.9,30.6,0.7,5.9,18.5,211.6,0),(298,3,'2018-08-01',27.2,4.7,32.5,0.8,6.4,26.1,196.2,0),(299,3,'2018-09-01',22.3,6.1,31.3,0.8,5.6,31,140.5,0),(300,3,'2018-10-01',19.7,6,31.7,0.9,6.3,21.6,358.1,0),(301,3,'2018-11-01',15.3,5.3,33,0.8,5.9,35.7,42.2,0),(302,3,'2018-12-01',10.9,6.3,33.4,1.2,6.8,24,19,0),(303,3,'2019-01-01',8.7,4.7,33.8,1.2,7.2,19.2,9.5,0),(304,3,'2019-02-01',9.4,4.1,33.9,1,6.2,31.3,17.1,0),(305,3,'2019-03-01',12,4.5,34,0.9,6,36,18.6,0),(306,3,'2019-04-01',13.4,4.3,33.9,0.8,5.3,22.7,103.5,0),(307,3,'2019-05-01',14.9,4.2,33.9,0.5,4.7,30.7,24.9,0),(308,3,'2019-06-01',18,3.7,33.2,0.7,5.1,20.3,242.2,0),(309,3,'2019-07-01',21.4,4.3,32.8,0.7,5.7,21,130.7,0),(310,3,'2019-08-01',24.5,4,32.5,0.7,6.2,22.8,152.6,0),(311,3,'2019-09-01',24,4,30.4,0.9,5.9,33.2,175,0),(312,3,'2019-10-01',21,5,29.7,1.3,7,35.2,455.5,0),(313,3,'2019-11-01',16.4,4,32.7,177.5,6.4,25.7,105.2,0),(314,3,'2019-12-01',11.2,4.1,33.2,1.1,6.8,19,21.1,0),(315,3,'2020-01-01',10.4,6.9,32.8,197.1,7.1,18.6,118.4,0),(316,3,'2020-02-01',10.7,7.1,33.4,1.3,7.3,13.8,51.6,0),(317,3,'2020-03-01',11.8,7,33.6,170.6,6.9,19.3,14.3,0),(318,3,'2020-04-01',13.8,7.4,34,142.1,6.5,24.6,40,0),(319,3,'2020-05-01',16.7,6,33.9,104,5.3,24.8,56.1,0),(320,3,'2020-06-01',19.5,6,33.4,79.6,5.2,23.4,165.6,0),(321,3,'2020-07-01',21.4,5.1,30,99.2,6.3,19,507.5,0),(322,3,'2020-08-01',21.2,6.5,32.1,94.2,6.3,20.7,123.3,0),(323,3,'2020-09-01',21.8,7.8,30.3,1,7.9,7.8,205.7,0),(324,3,'2020-10-01',19.1,4.4,31.8,112.5,5.6,22,1.5,0),(325,3,'2020-11-01',14.9,4.2,32.6,152.1,6,13.5,24.6,0),(326,3,'2020-12-01',9.6,4.8,33.4,178.4,6.2,21.2,0.2,0),(327,3,'2021-01-01',7.7,5,33.7,200.1,6.6,25.2,8.1,0),(328,3,'2021-02-01',9.2,4.9,34,179,6.3,20,8.4,0),(329,3,'2021-03-01',12.1,4.5,33.7,148,6.2,22.7,73.9,0),(330,3,'2021-04-01',14.1,4.7,33.5,122.5,5.5,27,68.6,0),(331,3,'2021-05-01',15.1,4,33.7,116.5,5.7,22,130.7,0),(332,3,'2021-06-01',19.9,3.7,33.1,74.2,4.8,14.9,58.6,0),(333,3,'2021-07-01',25.9,3.7,31,53.8,4.6,18.7,139.2,0),(334,3,'2021-08-01',26.1,3.8,29.2,128.3,5.8,28.4,456.7,0),(335,3,'2021-09-01',24.4,5.1,28.2,107.6,5.5,21.8,159.5,0),(336,3,'2021-10-01',22,3.9,30.9,124.9,5.9,27.9,148.1,0),(337,3,'2021-11-01',16.4,2.5,31.8,160.6,6.1,38,35.2,0),(338,3,'2021-12-01',11.2,3,31,250,6.9,29.3,0,0),(339,3,'2022-01-01',8.8,2.8,30.9,0.9,7.6,3.8,3.3,0),(340,3,'2022-02-01',8.5,3.1,32.7,0.8,6.6,4.1,4.4,0),(341,3,'2022-03-01',11.1,2.5,32.2,0.9,5.5,15.4,79.6,0),(342,3,'2022-04-01',13.4,1.4,34,0.9,4.9,15.6,35.6,0),(343,3,'2022-05-01',16.4,2.6,32.2,0.4,4,7.1,5.4,0),(344,3,'2022-06-01',19.5,2.3,32,0.8,5.3,21.4,54,0),(345,3,'2022-07-01',23.2,1.7,31.6,0.5,5,15.6,115.6,0),(346,3,'2022-08-01',22.5,2,32.4,0.5,5.4,12.4,124.7,0),(347,3,'2022-09-01',23.4,1.9,24.7,0.8,6.3,32.7,141.5,0),(348,3,'2022-10-01',18.7,2,31.3,1,6.7,19.1,62.8,0),(349,3,'2022-11-01',16.7,1.9,32.2,0.8,6.4,17.1,172.2,0),(350,3,'2022-12-01',11.1,2.7,32.4,1.1,7.5,16.7,3.1,0),(351,3,'2023-01-01',13.1,7.3,33.2,1.2,7,13.8,22.9,0),(352,3,'2023-02-01',12.2,5.9,33.1,0.9,6.4,12.6,45.3,0),(353,3,'2023-03-01',13,4.9,33.1,0.7,5.4,13.3,30.6,0),(354,3,'2023-04-01',13.4,5.3,33.2,0.8,6,13.3,37.3,0),(355,3,'2023-05-01',16,4.9,32.8,0.7,5.2,16.5,115.5,0),(356,3,'2023-06-01',19.1,4.1,32.3,0.5,5.6,11.5,113.4,0),(357,3,'2023-07-01',18.2,3.7,30,0.5,7,16.5,260.3,0),(358,3,'2023-08-01',24.1,5.3,28.9,0.9,11.1,22,216.6,0),(359,3,'2023-09-01',25.8,5.1,29.6,0.8,5,14.7,232.6,0),(360,3,'2023-10-01',21.6,5.3,31.4,0.7,5.9,10.4,9.9,0),(361,3,'2023-11-01',15.9,6.4,32.6,0.8,6.6,12.5,9.1,0),(362,3,'2023-12-01',13.8,6.9,32.1,1,6.8,10.7,135.2,0),(363,3,'2024-01-01',9.4,2.2,32.9,1.6,7.4,24.6,20.6,0),(364,3,'2024-02-01',10,2,30.4,1.5,6.5,11,117.7,0),(365,3,'2024-03-01',11.2,2.1,32.4,1.3,6.2,11.3,55.4,0),(366,3,'2024-04-01',14.8,1.7,32.3,0.8,5.1,17.6,66.6,0),(367,3,'2024-05-01',16,1.8,32.9,0.9,5.8,15.1,87.4,0),(368,3,'2024-06-01',19.6,1.5,33.1,0.5,5.2,17.4,71.9,0),(369,3,'2024-07-01',18.5,1.4,31.1,0.6,5.2,14.3,121.6,0),(370,3,'2024-08-01',25.4,1.6,32.5,0.6,5.8,14.4,28.9,0),(371,3,'2024-09-01',27.4,1.4,28.8,1,5.6,21.8,128.8,0),(372,3,'2024-10-01',22.6,1.5,29.4,1.1,6.4,50.5,119.2,0),(373,3,'2024-11-01',18.6,1.5,30.9,1.3,6.4,28.8,30.3,0),(374,3,'2024-12-01',11.2,2,32.7,1.3,7,23.1,0,0),(375,3,'2025-01-01',8.9,8.1,33.2,1.3,6.8,34.8,11.8,0),(376,3,'2025-02-01',8,8.3,33.4,1.5,7.1,37.7,1.2,0),(377,3,'2025-03-01',10.6,7.2,33.1,1.2,6.3,22.6,56.7,0),(378,3,'2025-04-01',13.4,6.4,33.5,0.8,5.2,36.9,41.8,0),(379,3,'2025-05-01',15.5,5.6,33,0.8,5.2,24.5,135.9,0),(380,3,'2025-06-01',19.3,5,32.7,0.5,4.9,15.9,150.2,0),(381,3,'2025-07-01',23.7,5.3,31.9,0.5,4.7,15.7,120,0),(382,4,'2015-01-01',11.3,2.5,33.9,0.5,6.7,38,50.7,0),(383,4,'2015-02-01',10.7,2.7,34,0.6,6.4,41.5,30.5,0),(384,4,'2015-03-01',11.4,2.8,34,0.5,5.7,39,76.5,0),(385,4,'2015-04-01',13.4,2.8,33.3,0.9,5.7,41.9,268,0),(386,4,'2015-05-01',15.4,2.5,32.9,0.3,4,38.1,183,0),(387,4,'2015-06-01',18.4,2.2,33.2,0.4,5,38,69.2,0),(388,4,'2015-07-01',20.9,3,31.8,0.7,5.9,52,176.7,0),(389,4,'2015-08-01',23.9,2.5,31.8,0.5,6,57,132.5,0),(390,4,'2015-09-01',23.4,2.5,31.8,0.7,5.8,52.1,172,0),(391,4,'2015-10-01',20.6,2.5,32.1,0.5,5.4,52,62,0),(392,4,'2015-11-01',17,2.3,32.4,0.6,6.2,48.6,124.1,0),(393,4,'2015-12-01',14.1,2.4,33.3,0.5,5.6,49.6,51.5,0),(394,4,'2016-01-01',11.4,2.8,33.7,0.5,6.2,16.2,59.5,0),(395,4,'2016-02-01',10.7,2.9,33.7,0.6,5.8,17.1,63.7,0),(396,4,'2016-03-01',11.8,2.5,33.7,0.6,5.3,17,133.5,0),(397,4,'2016-04-01',13.8,2.5,33.5,0.7,5.4,17.3,198.5,0),(398,4,'2016-05-01',16.9,2.5,33.3,0.5,4.5,18.1,108.8,0),(399,4,'2016-06-01',18.9,2.4,33.2,0.5,5.1,18.9,115.2,0),(400,4,'2016-07-01',20.8,2.6,31.5,0.5,5.3,19.3,188.8,0),(401,4,'2016-08-01',26.9,2.7,30.7,0.6,5.1,17.8,141.5,0),(402,4,'2016-09-01',24,2.2,30.6,127.6,6.3,15.6,407.9,0),(403,4,'2016-10-01',21.2,2.2,31.3,124.7,5.4,18.6,182.4,0),(404,4,'2016-11-01',17.2,2.2,33.2,103.6,5.3,18,56.6,0),(405,4,'2016-12-01',14.1,2.6,33.7,0.5,6.1,17.4,103.8,0),(406,4,'2017-01-01',11.5,2.7,33.9,0.5,6.3,17.5,12,0),(407,4,'2017-02-01',11.2,2.9,33.2,0.6,6.3,17.8,33.8,0),(408,4,'2017-03-01',12.1,2.4,34.2,0.5,5,18.2,35.7,0),(409,4,'2017-04-01',14.2,3,34,0.6,5,18.8,105.1,0),(410,4,'2017-05-01',15.9,2.7,34.1,0.5,4.3,18.7,39.2,0),(411,4,'2017-06-01',18.2,2.5,33.8,0.5,4.8,17.9,49.8,0),(412,4,'2017-07-01',20,2.7,33,0.5,4.8,19.5,172.1,0),(413,4,'2017-08-01',25.8,2.4,31.7,0.6,5.2,13.9,82.5,0),(414,4,'2017-09-01',24.6,2.2,31.5,0.6,5.2,14.3,335,0),(415,4,'2017-10-01',21,2.3,32.2,0.9,6.3,9.3,138.3,0),(416,4,'2017-11-01',16.9,2.4,33.1,0.4,5.5,17.8,0.3,0),(417,4,'2017-12-01',12.6,2.5,33.8,0.4,6.9,18,10.6,0),(418,4,'2018-01-01',11,2.5,34.1,0.5,7.3,17.9,40.9,1.3),(419,4,'2018-02-01',10.1,2.8,34.3,0.5,6.4,17.7,52.5,0),(420,4,'2018-03-01',11.9,3.1,33.7,0.8,6.2,16.8,206.1,0),(421,4,'2018-04-01',13.7,3.2,33.9,0.6,5.1,18.3,156.4,0),(422,4,'2018-05-01',15.3,3,33.3,109.2,5.2,18.5,155.8,0),(423,4,'2018-06-01',19,2.6,33.3,0.5,5.4,18.7,276.7,0),(424,4,'2018-07-01',22.5,2.6,31.6,0.5,5.7,20.4,122.1,0),(425,4,'2018-08-01',26.7,2.9,31.9,0.6,5.7,21.4,169.7,0),(426,4,'2018-09-01',22.3,2.3,31.7,0.6,5.9,17.3,308.4,0),(427,4,'2018-10-01',19.9,2.4,32.7,110.4,5.2,14,123.7,0),(428,4,'2018-11-01',16.6,1.9,33.7,71.5,4.9,18.1,107.3,0),(429,4,'2018-12-01',13.7,2.3,33.9,105.3,5.1,18.1,59,0),(430,4,'2019-01-01',12.1,2.5,34.3,104.6,5.2,18.9,12.7,0.2),(431,4,'2019-02-01',12.1,2.3,34.3,97.6,5,18.9,51.5,0),(432,4,'2019-03-01',13.3,2.9,34.3,105.1,4.9,18.9,75.4,0),(433,4,'2019-04-01',13.7,2.6,34.2,0.5,4.6,16.1,85,0),(434,4,'2019-05-01',16.3,2.6,33.9,0.5,4.3,17.4,76.1,0),(435,4,'2019-06-01',18.7,2.2,33.4,0.5,5,20,324.3,0),(436,4,'2019-07-01',21.5,3,31.4,0.6,5.5,21.6,358.9,0),(437,4,'2019-08-01',25,2.5,32.2,100.9,6.3,22.9,156.3,0),(438,4,'2019-09-01',23.4,2.2,31.2,141.5,6.1,18.6,279,0),(439,4,'2019-10-01',21.4,2.4,31.4,145.7,6.1,17.4,139.9,0),(440,4,'2019-11-01',17.4,1.6,32.2,0.5,5.6,18.2,13.8,0),(441,4,'2019-12-01',14.2,1.2,34,98.8,5.2,18.3,50.3,0),(442,4,'2020-01-01',12.8,2.4,34.1,131.5,5.6,17.3,127.7,0),(443,4,'2020-02-01',12.6,2.4,34.1,109.7,5.4,18,94.9,0),(444,4,'2020-03-01',13,2.7,34.3,114.4,5.4,18.6,58.8,0),(445,4,'2020-04-01',14,2.9,34.3,117.4,5.3,17.8,83.5,0),(446,4,'2020-05-01',16.5,2,33.7,90.3,5.1,19.6,96.2,0),(447,4,'2020-06-01',18.6,2.4,33.4,88.4,5.6,21.5,321.1,0),(448,4,'2020-07-01',19.7,2.1,30.7,109.7,5.9,21.6,796.8,0),(449,4,'2020-08-01',21.9,2.6,29,115.4,5.9,21.6,399.2,0),(450,4,'2020-09-01',23,2.4,30,147.9,6.1,32.2,230.5,0),(451,4,'2020-10-01',20.5,1.7,31.4,103.2,4.9,31.2,26.4,0),(452,4,'2020-11-01',16.7,1.7,32.7,96.5,5.1,25.3,36.3,0),(453,4,'2020-12-01',13,1.8,33.8,92.6,4.8,14.7,10.2,0),(454,4,'2021-01-01',11.5,2.1,34,0.5,6.6,16.3,25.8,0),(455,4,'2021-02-01',11.7,2.5,34,0.7,6.1,16.6,49.5,0),(456,4,'2021-03-01',13.4,2.1,33.4,0.7,5.7,16.4,127.5,0),(457,4,'2021-04-01',15.3,2.3,32.9,0.7,5.6,16.7,107.1,0),(458,4,'2021-05-01',16.4,2.2,32.9,0.6,5.2,17.8,139.2,0),(459,4,'2021-06-01',19.6,1.9,31.8,0.5,4.9,18.9,232.3,0),(460,4,'2021-07-01',24.4,2.3,30.4,0.6,5.5,18.9,399.9,0),(461,4,'2021-08-01',26.4,2.1,29.9,0.7,5.8,16.9,481.2,0),(462,4,'2021-09-01',24.2,1.9,30,0.7,5.8,14.4,164.7,0),(463,4,'2021-10-01',22.4,1.7,31,0.5,5.7,12.8,18.2,0),(464,4,'2021-11-01',16.8,2,32.1,0.5,5.1,14.4,57.9,0),(465,4,'2021-12-01',13.2,2.1,33.6,0.5,6.4,14.4,4.5,0),(466,4,'2022-01-01',11.4,1.8,33.9,0.5,7.3,13.1,0,0),(467,4,'2022-02-01',10.6,2.3,34.1,0.5,6.3,14,0,0),(468,4,'2022-03-01',11.9,2.1,34,0.6,5.2,15.3,127.4,0),(469,4,'2022-04-01',14,2.2,33.7,0.6,4.8,14.7,130.6,0),(470,4,'2022-05-01',15.9,2.3,33.4,64.6,4.4,27.7,5.4,0),(471,4,'2022-06-01',18.9,2.7,31.9,0.6,5.1,17.7,152,0),(472,4,'2022-07-01',21.7,1.8,32.7,0.5,5.8,21.5,145,0),(473,4,'2022-08-01',22.7,2.3,31.8,0.5,5.4,12,176.7,0),(474,4,'2022-09-01',23.9,2,30.4,168.4,6.1,30.5,162.4,0),(475,4,'2022-10-01',20.8,1.8,32.8,123,5.3,38.8,9.7,0),(476,4,'2022-11-01',18,1.6,33.5,0.5,4.6,15.3,61.3,0),(477,4,'2022-12-01',13.4,2.2,33.7,0.5,5.5,14.7,21.4,0),(478,4,'2023-01-01',11.4,2,33.7,0.4,5.4,14.6,79.2,0),(479,4,'2023-02-01',11.6,1.8,33.9,0.5,5.2,14.8,30,0),(480,4,'2023-03-01',13.3,2,34,0.5,4.7,14.6,76.2,0),(481,4,'2023-04-01',14.9,2.4,33.8,0.7,5,14,101.6,0),(482,4,'2023-05-01',16.3,2,32.9,0.6,5.2,15.2,290.7,0),(483,4,'2023-06-01',19,2.2,32.5,0.5,5.8,19,153.9,0),(484,4,'2023-07-01',19.9,2.1,28.6,0.6,6.5,22.7,701.7,0),(485,4,'2023-08-01',26.2,1.9,29.8,0.6,6.1,20.4,299.9,0),(486,4,'2023-09-01',25.4,1.6,29.9,0.6,5,18.5,322.7,0),(487,4,'2023-10-01',21,1.6,31.7,0.4,5,16.7,4.2,0),(488,4,'2023-11-01',16.2,2.4,32.9,0.5,5.4,18.1,28.5,0.3),(489,4,'2023-12-01',14,2,33.6,0.5,5.4,15.4,102.8,0),(490,4,'2024-01-01',12.1,2,33.7,133.5,5.9,23.1,40.6,0),(491,4,'2024-02-01',12.3,1.8,33.5,0.8,5.8,15.2,137.1,0),(492,4,'2024-03-01',12.9,2.3,33.4,0.7,5.6,16,102,0),(493,4,'2024-04-01',15.1,1.6,33,0.5,5.3,16.7,166.8,0),(494,4,'2024-05-01',17,2.2,33.1,100.2,5.3,16.7,148.4,0),(495,4,'2024-06-01',19.1,1.9,33,72.7,5.3,11.5,173.7,0),(496,4,'2024-07-01',19.3,2.5,30.8,0.6,5.7,19.7,362.4,0),(497,4,'2024-08-01',26.6,2,30.5,0.6,5,20.8,86.5,0),(498,4,'2024-09-01',27.5,1.6,29.6,0.6,5.3,18.3,420.3,0),(499,4,'2024-10-01',23.3,1.6,30.4,0.7,5.7,13.6,208.8,0),(500,4,'2024-11-01',19.2,1.8,32.3,0.6,5.6,13.3,99.1,0),(501,4,'2024-12-01',13.7,2.2,33.5,0.4,5.8,14,0,0),(502,4,'2025-01-01',11.2,2.1,33.7,0.4,6,14.7,7.6,0),(503,4,'2025-02-01',10.2,2.3,33.9,0.5,6.6,14.4,32,0),(504,4,'2025-03-01',11.4,2.1,34,0.8,5.9,15.4,52,0),(505,4,'2025-04-01',13,2.1,33.9,0.6,4.8,15.8,75.3,0),(506,4,'2025-05-01',15,2.1,33.5,0.5,5.5,27.4,132.7,0),(507,4,'2025-06-01',17.5,2.2,32.6,0.4,4.6,18.2,292.7,0),(508,4,'2025-07-01',23.4,2.1,31,0.5,5.2,19.9,241.8,0),(509,5,'2015-01-01',6.5,3.2,30.4,0.8,5.7,38,41.1,4),(510,5,'2015-02-01',6,3.4,31.1,0.7,5.3,41.5,25.7,0.2),(511,5,'2015-03-01',7.3,3,31.8,0.6,1.9,39,34.4,0),(512,5,'2015-04-01',11.9,3,31,0.7,5.8,41.9,159.6,0),(513,5,'2015-05-01',16,3.2,28.5,0.5,5.8,38.1,77.8,0),(514,5,'2015-06-01',19.8,3,27.6,0.5,5.3,38,117.8,0),(515,5,'2015-07-01',22.1,2.9,27.4,0.8,7.9,52,159.6,0),(516,5,'2015-08-01',24.9,2.5,29.7,0.3,5.5,57,86.5,0),(517,5,'2015-09-01',23.7,2.7,30.8,91.1,5.5,52.1,79.5,0),(518,5,'2015-10-01',20.9,2.9,30.1,0.6,6.2,52,84.2,0),(519,5,'2015-11-01',16.4,2.8,29.3,0.6,4.9,48.6,106.8,0.3),(520,5,'2015-12-01',11.2,3.5,28.6,0.7,5.1,49.6,68.6,3.3),(521,5,'2016-01-01',7.6,3.4,29.8,0.6,4,31.3,79.2,25),(522,5,'2016-02-01',5.5,3.5,28.4,0.8,5.3,32.3,40.5,2.1),(523,5,'2016-03-01',7.6,3.1,30.4,0.6,5.2,29.8,54.9,0),(524,5,'2016-04-01',12.3,3.4,29.2,0.6,5.2,31.5,192,0),(525,5,'2016-05-01',16.8,3.4,28.5,0.5,5.2,30,119.9,0),(526,5,'2016-06-01',20.4,2.9,26.4,0.6,5.6,29.4,133.6,0),(527,5,'2016-07-01',22.8,3.3,26,0.8,6.1,31.2,249.2,0),(528,5,'2016-08-01',26.7,3,30.2,0.5,6.4,30.6,20.4,0),(529,5,'2016-09-01',24.3,2.5,28.2,0.7,7.6,30.4,197.8,0),(530,5,'2016-10-01',21,3,20.6,0.8,6.2,30.8,203.1,0),(531,5,'2016-11-01',15.4,3,29.1,0.7,5.3,30.3,61.5,0),(532,5,'2016-12-01',10.2,3.1,30.5,0.7,5.7,29.2,45.9,0),(533,5,'2017-01-01',7.1,2.9,30.9,0.6,5.3,31.7,13.9,1.8),(534,5,'2017-02-01',5.2,3.3,31.1,0.7,5.3,29.7,32.3,9.1),(535,5,'2017-03-01',7.3,3.2,31.4,0.6,4.9,30.9,28.5,0),(536,5,'2017-04-01',11.9,3.1,31.4,0.5,4.9,30.4,46.5,0),(537,5,'2017-05-01',16.7,2.8,32.6,0.5,4.7,29.8,14,0),(538,5,'2017-06-01',20.5,3.1,33.2,0.5,5.6,29.6,28.5,0),(539,5,'2017-07-01',23.4,2.7,31.8,0.8,6,32.2,138.2,0),(540,5,'2017-08-01',25.5,3.1,28.4,0.3,4.5,30.8,201.8,0),(541,5,'2017-09-01',24.3,2.5,28.7,0.3,3.9,32,109.4,0),(542,5,'2017-10-01',20.5,2.6,30.8,0.7,6.6,28.5,62.7,0),(543,5,'2017-11-01',14.9,3,31.3,0.7,6.1,30,1.4,0),(544,5,'2017-12-01',8.7,2.7,31.7,1,7.1,30.3,45.3,5.7),(545,5,'2018-01-01',5.7,3,31.4,0.8,5.8,31.3,58,21.2),(546,5,'2018-02-01',3.9,3.2,31.7,0.7,5.3,31,39.3,18.3),(547,5,'2018-03-01',7,2.6,29.7,0.7,6.5,32.1,152.7,0),(548,5,'2018-04-01',12.2,2.9,29.1,0.7,5.5,32.1,169,0),(549,5,'2018-05-01',16.6,3.2,29.9,0.7,5.6,31.5,89.3,0),(550,5,'2018-06-01',20.8,3,31.2,0.6,6.7,28.9,162,0),(551,5,'2018-07-01',24.4,3.3,28.9,0.7,7.2,30,67.6,0),(552,5,'2018-08-01',27.5,3.8,29.1,0.8,7,34.3,246.2,0),(553,5,'2018-09-01',24.7,2.7,25.8,0.7,6.9,31.1,151.4,0),(554,5,'2018-10-01',20,2.8,27.3,0.6,6,30,138.4,0),(555,5,'2018-11-01',15.6,2.2,29.4,0.5,5.5,29.6,51.1,0),(556,5,'2018-12-01',10.4,2.7,29.8,0.7,5.4,32,38.3,5.2),(557,5,'2019-01-01',6.3,2.6,30.4,0.7,3.1,32,13.3,3.9),(558,5,'2019-02-01',5.6,3,30.2,0.7,4,32.4,29.6,2.9),(559,5,'2019-03-01',7.9,3.2,30.4,0.7,4.3,32.2,38.5,0),(560,5,'2019-04-01',11.3,2.8,29.5,0.6,4.7,32.1,86.3,0),(561,5,'2019-05-01',15.7,3.1,30.2,0.4,4.7,30.4,122.9,0),(562,5,'2019-06-01',20.1,2.7,29.4,0.7,5.3,30.3,172.3,0),(563,5,'2019-07-01',22.4,3.1,25.4,0.8,6.2,31.4,167,0),(564,5,'2019-08-01',24.9,2.9,26.6,1,6.2,32.2,144.9,0),(565,5,'2019-09-01',23.3,2.9,25,0.6,7.5,34.5,259.3,0),(566,5,'2019-10-01',20.9,2.6,20,0.6,6.5,32.4,159,0),(567,5,'2019-11-01',16.6,2.8,27.3,0.4,5.2,30.1,14.6,0),(568,5,'2019-12-01',10.7,2.6,30.3,0.6,5.6,29.1,40.7,0),(569,5,'2020-01-01',8.1,2.7,30,1.1,5.1,30.6,72,0),(570,5,'2020-02-01',7.5,6.1,30.7,0.9,5.8,28.9,28.9,3.1),(571,5,'2020-03-01',9,3.2,30.8,1.1,5.5,31.2,28.8,0),(572,5,'2020-04-01',11.9,3.4,30.9,0.8,5.2,31.6,60.9,0),(573,5,'2020-05-01',14.6,5.4,33.1,0.7,4.9,29.1,141.4,0),(574,5,'2020-06-01',20.1,2.9,28.4,0.6,6,31.5,261.5,0),(575,5,'2020-07-01',21.5,3,22.9,0.4,6.3,31.4,366.3,0),(576,5,'2020-08-01',23.8,3.1,22,0.9,7,35.9,206.4,0),(577,5,'2020-09-01',23.7,2.5,24.8,0.7,6.6,36,208.6,0),(578,5,'2020-10-01',20.5,5.4,31.5,0.8,5.6,31.1,20.5,0),(579,5,'2020-11-01',15.6,2.5,30.7,1.1,5.3,29.1,14,0),(580,5,'2020-12-01',10,2.2,31.1,1.2,5.6,30.7,18.4,5),(581,5,'2021-01-01',6.2,2.5,31.2,1,4.2,30.3,39.7,12.1),(582,5,'2021-02-01',6.2,2.8,30.5,0.8,6.7,31.4,25.9,2.2),(583,5,'2021-03-01',8.6,2.8,28.3,0.7,5.7,31.1,127.4,0),(584,5,'2021-04-01',12.6,3.4,28.4,0.7,6.7,30.7,51.9,0),(585,5,'2021-05-01',16.5,3.4,29.7,0.6,5.3,29.6,112.3,0),(586,5,'2021-06-01',20.5,2.7,29.8,0.6,5.8,30.1,108.3,0),(587,5,'2021-07-01',23.6,3,25.1,0.9,6.8,31.5,327.5,0),(588,5,'2021-08-01',26.3,2.5,25.2,0.7,6.7,37.5,124.4,0),(589,5,'2021-09-01',24.8,2.9,27.9,0.7,6.7,29.5,91.4,0),(590,5,'2021-10-01',22.3,2.2,28.8,0.5,5,29.2,14.7,0),(591,5,'2021-11-01',16.2,3,29.8,0.6,6.2,30.4,63.9,0),(592,5,'2021-12-01',10.9,2.5,30.1,0.7,3.9,31,13.6,15.6),(593,5,'2022-01-01',6.9,2.1,30.5,0.3,3.5,31.3,4.3,1.9),(594,5,'2022-02-01',5.6,2.6,31.3,0.6,4.8,31,4.5,4),(595,5,'2022-03-01',7.7,2.9,30.2,0.6,5.6,30.9,78.9,0),(596,5,'2022-04-01',12.3,2.6,30,0.5,6.6,29.8,74.7,0),(597,5,'2022-05-01',16.7,2.5,30.6,0.4,5.2,29.4,2.6,0),(598,5,'2022-06-01',20.5,3.2,29,0.9,6,35.7,90.2,0),(599,5,'2022-07-01',24.6,3.2,28.5,0.8,6,45.5,196.3,0),(600,5,'2022-08-01',26.2,2.6,27.4,0.9,6.1,43.7,92.3,0),(601,5,'2022-09-01',24.2,2.9,27.2,0.9,7.6,34.9,101.9,0),(602,5,'2022-10-01',20.4,2.6,29.9,0.7,6.1,36.4,38.3,0),(603,5,'2022-11-01',16.2,2.4,29.7,0.6,5.7,30.3,33.1,0.4),(604,5,'2022-12-01',10.1,2.7,30.1,0.4,5.6,31.7,22.8,16.1),(605,5,'2023-01-01',6.5,2.5,29.4,0.4,5.1,30.3,35.2,4.5),(606,5,'2023-02-01',6,2.4,29.7,0.4,6.5,31.2,26.8,0.5),(607,5,'2023-03-01',8.5,2.4,29.5,0.6,5.3,29.8,22.6,0),(608,5,'2023-04-01',12.5,3,28.8,0.8,5.7,29.5,88.8,0),(609,5,'2023-05-01',16.5,3,27.7,0.6,5.5,28.5,158.1,0),(610,5,'2023-06-01',20.8,2.8,28,0.7,6.7,29.4,168.8,0),(611,5,'2023-07-01',23.5,2.8,17.8,1.1,7.2,31.5,629.2,0),(612,5,'2023-08-01',25.4,2.4,25.5,0.7,6.9,31.4,152.9,0),(613,5,'2023-09-01',25.9,2.2,26,0.5,5.8,32.3,146.7,0),(614,5,'2023-10-01',22,2.2,28,0.5,5.7,31.1,7.1,0),(615,5,'2023-11-01',16.6,3,30.5,0.9,5.8,31.3,75.7,0),(616,5,'2023-12-01',11,2.6,28.8,0.9,6.3,30.6,66,22.2),(617,5,'2024-01-01',8.1,2.4,29.7,0.8,5.5,30.2,55.9,8.5),(618,5,'2024-02-01',7.7,2.4,28.4,1,5.9,30,108.5,0),(619,5,'2024-03-01',9.3,2.9,28.8,0.8,5.8,30.7,73.3,2.1),(620,5,'2024-04-01',13.2,2.5,27.4,0.5,5.5,29.7,81.7,0),(621,5,'2024-05-01',17.9,3,27.4,0.6,5.5,29.4,101.6,0),(622,5,'2024-06-01',21.8,2.6,31.1,0.6,5.3,31,143.3,0),(623,5,'2024-07-01',24.4,3.1,25.4,1.2,5.8,37.5,197.8,0),(624,5,'2024-08-01',27.2,2.1,28.8,0.6,5.5,41.2,186.7,0),(625,5,'2024-09-01',27.6,2.4,27.8,0.7,4.3,32.7,124.1,0),(626,5,'2024-10-01',23.3,2.1,27.4,0.8,5.1,25.1,142.1,0),(627,5,'2024-11-01',18.1,2.8,28.7,0.5,4.6,28.9,61.3,0),(628,5,'2024-12-01',11,2.2,29.8,0.3,3.4,28.7,8.9,2.8),(629,5,'2025-01-01',7.4,2.3,30.7,0.3,3.9,30.2,19.8,4.6),(630,5,'2025-02-01',5.8,2.6,30.5,0.4,3.6,30.2,42.3,12.7),(631,5,'2025-03-01',7.6,6.1,30.6,0.4,4.6,32.2,33.2,0.6),(632,5,'2025-04-01',11.8,5,31.3,0.4,4.6,30.7,43.5,0),(633,5,'2025-05-01',16,2.8,30.7,0.4,4.7,29.4,109.5,0),(634,5,'2025-06-01',20.4,2.4,28.4,0.4,5,28.5,207.4,0),(635,5,'2025-07-01',24.1,2.5,25.2,0.6,6,30.9,273.2,0),(636,6,'2015-01-01',4.3,4.3,26.7,0.4,4.4,38,44.1,0),(637,6,'2015-02-01',4.1,4.2,26.4,0.4,4.2,41.5,20.5,0),(638,6,'2015-03-01',6,4,26.7,0.3,4.1,39,41,0),(639,6,'2015-04-01',10.4,3.5,26.8,0.3,3.9,41.9,129.2,0),(640,6,'2015-05-01',15.7,3.2,26.5,0.3,3.7,38.1,44.1,0),(641,6,'2015-06-01',20.3,3.1,27.2,0.3,4,38,120.3,0),(642,6,'2015-07-01',22.8,3.7,27.4,0.3,5,52,123.6,0),(643,6,'2015-08-01',26.8,3.6,27.8,0.3,4.9,57,59.4,0),(644,6,'2015-09-01',24.3,3.7,29.1,91.1,5.5,52.1,42.4,0),(645,6,'2015-10-01',20,4.1,29,0.6,6.2,52,99.8,0),(646,6,'2015-11-01',15,4.1,28.9,0.6,4.9,48.6,125.2,0),(647,6,'2015-12-01',8.8,4.3,28.2,0.4,4.1,49.6,74.5,0),(648,6,'2016-01-01',4.7,4.3,29.4,0.5,4.5,49.3,51.1,0),(649,6,'2016-02-01',3.7,4.1,28.3,0.5,4.6,47.6,40.6,0),(650,6,'2016-03-01',6.3,3.7,28.4,0.3,4.2,47,52,0),(651,6,'2016-04-01',11.6,3.1,28.3,0.3,4,47,179.5,0),(652,6,'2016-05-01',16.6,3.2,27.5,0.3,4,46.3,99.9,0),(653,6,'2016-06-01',21.5,2.8,28,0.3,4.1,45.6,42,0),(654,6,'2016-07-01',23.8,3,23.7,0.4,4.9,45.2,220.7,0),(655,6,'2016-08-01',27.7,3.5,27.8,0.2,4,43.5,30.2,0),(656,6,'2016-09-01',24.5,3.9,28.1,0.3,4.2,46,139.3,0),(657,6,'2016-10-01',20.5,4.4,29.1,0.3,4.1,45.6,128.7,0),(658,6,'2016-11-01',13.4,4.5,30.2,0.4,4.2,44.8,34.6,0),(659,6,'2016-12-01',8,4.6,29.4,0.5,4.3,45.1,56.9,0),(660,6,'2017-01-01',5.1,4.4,27.7,0.4,4.3,46.3,18.7,0),(661,6,'2017-02-01',3.8,4.5,30.5,0.4,4.3,45.3,37.8,0),(662,6,'2017-03-01',6.7,3.6,26.4,0.3,3.8,46.7,21.9,0),(663,6,'2017-04-01',11.8,3.4,31.6,0.4,3.9,45.1,61.1,0),(664,6,'2017-05-01',17.2,3,31.3,0.3,3.8,42.9,38.3,0),(665,6,'2017-06-01',21.4,3.3,30.6,0.3,3.8,42.5,25.2,0),(666,6,'2017-07-01',24.9,3.1,27.8,0.4,4.3,40.4,372.6,0),(667,6,'2017-08-01',26.4,3.4,28.2,0.3,4.5,37.5,137.8,0),(668,6,'2017-09-01',23.7,3.8,29,0.3,3.9,42.1,105,0),(669,6,'2017-10-01',19.7,4.1,30.2,0.3,3.7,42.2,35.5,0),(670,6,'2017-11-01',12.7,5.1,32,0.7,6.1,42.8,10.6,0),(671,6,'2017-12-01',6,4.4,31.1,0.5,4.4,43.2,42,0),(672,6,'2018-01-01',3.4,4.1,27.7,0.4,4.4,43,34.6,0),(673,6,'2018-02-01',1.7,4.5,27,0.5,4.1,43.4,31.5,0),(674,6,'2018-03-01',6,3.8,27.6,0.3,4,44.3,98.5,0),(675,6,'2018-04-01',10.9,3.9,28.2,0.3,4,43,124.6,0),(676,6,'2018-05-01',15.1,3.4,28,0.3,4,42.7,112.5,0),(677,6,'2018-06-01',20.1,3,29.3,0.3,4.2,41,105,0),(678,6,'2018-07-01',23.2,3.1,26.5,0.3,5.1,41.8,258.2,0),(679,6,'2018-08-01',27.2,3.7,29,0.4,4.9,42.1,299.5,0),(680,6,'2018-09-01',24.2,4.4,26.1,0.3,4.3,45.4,67,0),(681,6,'2018-10-01',19,4.5,28.6,0.4,4.1,44.1,161.5,0),(682,6,'2018-11-01',14,3.4,30.3,0.3,3.8,41.5,39.7,0),(683,6,'2018-12-01',7.9,4.7,30.3,0.4,4,43,26.4,0),(684,6,'2019-01-01',4.2,3.5,30.5,1,5,42.4,8.8,0),(685,6,'2019-02-01',4.2,3.9,29.7,0.9,4.9,44.1,25.1,0),(686,6,'2019-03-01',7.1,3.7,29.3,0.8,4.8,42.2,30.4,0),(687,6,'2019-04-01',10.8,3.2,30.8,0.4,3.9,42.3,104.5,0),(688,6,'2019-05-01',15.8,3.1,32.3,0.4,4.1,43.3,60.7,0),(689,6,'2019-06-01',20.4,2.8,32.8,0.3,3.8,39.1,89,0),(690,6,'2019-07-01',23.3,3.2,33.1,0.5,6.2,44.6,225.5,0),(691,6,'2019-08-01',26.7,3,32.5,0.6,6.2,46.4,127.4,0),(692,6,'2019-09-01',24.2,4.1,32.4,0.6,4.9,47.4,243,0),(693,6,'2019-10-01',20.5,3.8,31.4,1,4.9,49.2,86.6,0),(694,6,'2019-11-01',14.9,4,29.7,1,5.2,46.2,55.6,0),(695,6,'2019-12-01',8.6,4.2,26.7,1.2,5.2,45.2,30.9,0),(696,6,'2020-01-01',6.1,3.9,25,1.1,4.7,45.6,79.1,0),(697,6,'2020-02-01',6,3.6,28.7,0.9,5,45.2,59,0),(698,6,'2020-03-01',8,4.2,28.1,1.1,4.9,46.2,22.1,0),(699,6,'2020-04-01',11.2,4.2,29.4,0.8,4.7,45.2,22.2,0),(700,6,'2020-05-01',15.9,2.9,29.4,0.7,4.9,43.1,111.9,0),(701,6,'2020-06-01',20.8,2.8,29.3,0.6,5.3,45.5,157.6,0),(702,6,'2020-07-01',21.9,3,25.6,0.4,4.5,46,509.8,0),(703,6,'2020-08-01',24.2,2.7,21.6,0.9,5.9,48.2,421.6,0),(704,6,'2020-09-01',23.1,4.3,25,0.7,4.5,47.9,224.3,0),(705,6,'2020-10-01',18.8,3.7,28.3,0.8,4.4,48.5,6.8,0),(706,6,'2020-11-01',13.7,3.6,29,1.1,5.3,45.5,49.4,0),(707,6,'2020-12-01',7.3,3.4,29.3,1.2,5.2,45.6,31,0),(708,6,'2021-01-01',3.3,3.4,28.8,1.1,5.4,45.5,32.6,0),(709,6,'2021-02-01',4.1,3.8,29.2,1.1,5.2,44.4,23.3,0),(710,6,'2021-03-01',7.5,3,28.6,0.6,4.4,38,100.4,0),(711,6,'2021-04-01',12,3.3,28.8,0.5,4.4,30.5,46.4,0),(712,6,'2021-05-01',16,2.9,28.7,0.5,4.2,33.3,81.7,0),(713,6,'2021-06-01',20.5,2.4,28.9,0.3,4,31.7,97.1,0),(714,6,'2021-07-01',24,2.4,28.8,0.4,5.1,29.5,224.6,0),(715,6,'2021-08-01',26.7,3,28.9,0.5,4.3,32.9,409.7,0),(716,6,'2021-09-01',24.7,3.6,27.5,0.5,3.9,30.9,166.6,0),(717,6,'2021-10-01',21.2,3.1,28.6,0.7,4.6,38.7,50.3,0),(718,6,'2021-11-01',14.8,3.8,29.4,1,4.8,41.2,100.3,0),(719,6,'2021-12-01',8.6,3.9,29.3,1.3,5.5,42.4,21,0),(720,6,'2022-01-01',4.3,3.5,29.5,1,5,41.9,5.2,0),(721,6,'2022-02-01',3.7,3.9,29.5,0.4,4.2,42.5,11,0),(722,6,'2022-03-01',6.8,3.2,29.5,0.7,4.7,43.6,69.7,0),(723,6,'2022-04-01',12.1,3.1,29.2,0.4,4.2,40.8,58.3,0),(724,6,'2022-05-01',17.1,3.3,29.8,0.5,4.1,38.8,7.2,0),(725,6,'2022-06-01',21.9,3.3,30.1,0.5,4.1,39.5,172.8,0),(726,6,'2022-07-01',26.3,3.2,28.9,0.5,5.7,36.3,126.1,0),(727,6,'2022-08-01',27.4,3.5,26.8,0.7,5.7,39.1,276.7,0),(728,6,'2022-09-01',23.2,3.6,27.8,0.7,6,42.3,85.9,0),(729,6,'2022-10-01',19,4,28.5,0.9,5.4,40.7,37.6,0),(730,6,'2022-11-01',14.9,3.1,29.6,0.7,5.2,31.4,63.7,0),(731,6,'2022-12-01',7.4,3.8,29.2,1.4,5.6,32.5,57,0),(732,6,'2023-01-01',4.4,3.7,29.5,1.2,5.1,38,35.4,0),(733,6,'2023-02-01',4.4,3.2,29.1,0.8,6.5,42.7,4.8,0),(734,6,'2023-03-01',7.9,3.5,29.5,0.7,6.1,38,19.8,0),(735,6,'2023-04-01',12.2,3.1,29.5,0.5,6.2,35.9,48.6,0),(736,6,'2023-05-01',16.7,3.1,28.8,0.4,5.4,35.1,236.7,0),(737,6,'2023-06-01',21.4,3.4,28.8,0.4,6.2,35,247.2,0),(738,6,'2023-07-01',23.5,2.8,22.8,0.5,6.7,37.1,647.2,0),(739,6,'2023-08-01',25,3,25.3,0.4,5.8,37.7,168.5,0),(740,6,'2023-09-01',24.7,3,26.5,0.4,5.4,36.7,191.2,0),(741,6,'2023-10-01',20.6,3.7,27.6,0.7,4.8,34.2,13.3,0),(742,6,'2023-11-01',14.6,5.2,28.5,1.2,5.6,34.7,104.7,0),(743,6,'2023-12-01',8.5,4,28,1.4,5.5,30.6,136.2,0),(744,6,'2024-01-01',5.4,4.3,28.2,1.2,5.2,30.2,54.7,0),(745,6,'2024-02-01',5.9,3.9,28.4,0.8,5.4,34.1,130.9,0),(746,6,'2024-03-01',7.8,4.4,28,0.8,5.3,33.7,75.2,0),(747,6,'2024-04-01',12.2,2.5,28.2,0.3,5.5,33.1,56.6,0),(748,6,'2024-05-01',16.9,3.8,28.4,0.5,5.4,34.7,88.3,0),(749,6,'2024-06-01',21.3,3,29,0.4,4.1,34.4,77.7,0),(750,6,'2024-07-01',24.3,3.4,25.8,0.6,5.2,31,325.5,0),(751,6,'2024-08-01',28.6,3.2,29,0.4,3.8,34.7,37.2,0),(752,6,'2024-09-01',28.2,3.1,29,0.4,4.3,32.7,165.1,0),(753,6,'2024-10-01',22,3.9,28,0.6,4.2,30.7,71.6,0),(754,6,'2024-11-01',16.2,4.5,29.1,1.1,4.9,33.1,50.4,0),(755,6,'2024-12-01',8.7,4.6,29.6,1.3,5.5,31.9,35,0),(756,6,'2025-01-01',5.3,4.1,29.7,1.1,5.1,34.7,44.8,0),(757,6,'2025-02-01',3.9,5.4,29.5,1.3,5.4,35.9,35.6,0),(758,6,'2025-03-01',6.8,5.9,29.3,0.8,4.8,37.5,43,0),(759,6,'2025-04-01',11.5,5,29.3,0.6,4.2,35,62.6,0),(760,6,'2025-05-01',15.7,3.4,29.5,0.5,4,31.3,82.9,0),(761,6,'2025-06-01',20.6,3,28.3,0.4,3.9,29.7,317.6,0),(762,6,'2025-07-01',24.4,3,27.6,0.4,5.4,28.2,209,0),(763,7,'2015-01-01',15.9,3.2,33.2,93,4.5,38,82.4,1.8),(764,7,'2015-02-01',15.2,3.4,33.1,86.9,4.3,41.5,35.5,0.5),(765,7,'2015-03-01',14.6,3,32.9,63.9,4.6,39,80.7,0),(766,7,'2015-04-01',14.9,3,32.2,83.5,5.1,41.9,147.9,0),(767,7,'2015-05-01',16.8,3.2,31.3,46.8,4.7,38.1,150,0),(768,7,'2015-06-01',18.7,3,31.5,53.6,4.7,38,186.4,0),(769,7,'2015-07-01',21.3,2.9,29.3,89.4,5.7,52,329.7,0),(770,7,'2015-08-01',24.2,2.5,29.7,64.5,5.5,57,248.6,0),(771,7,'2015-09-01',24.3,2.7,30.2,91.1,5.5,52.1,172.9,0),(772,7,'2015-10-01',22,2.9,31,71.7,4.8,52,31,0),(773,7,'2015-11-01',20.8,2.8,32.3,89.7,4.7,48.6,173.2,0),(774,7,'2015-12-01',18.5,1.3,32.6,87.6,4.4,49.6,90,0),(775,7,'2016-01-01',16.4,1.7,32.8,97.2,4.4,35.1,125.6,12),(776,7,'2016-02-01',15.7,2.1,32.9,95.7,4.6,34.7,40,0),(777,7,'2016-03-01',15.4,1.5,33.1,74.7,4.5,23.4,96.9,0),(778,7,'2016-04-01',16.1,1.6,32.9,75.5,5.1,35.3,121.4,0),(779,7,'2016-05-01',17.3,1.2,32.6,56.7,4.6,34.9,113,0),(780,7,'2016-06-01',19.3,1.5,31.3,56.1,5,34.6,162.7,0),(781,7,'2016-07-01',21.9,1.3,29.9,68.8,5.2,47.5,98.6,0),(782,7,'2016-08-01',27,1.3,26.8,63.9,4.9,50.5,75.6,0),(783,7,'2016-09-01',24.3,1,30.1,76.6,5.3,42.2,172.3,0),(784,7,'2016-10-01',22.9,1.2,31.2,102.3,5,36.6,282.4,0),(785,7,'2016-11-01',21.7,1.2,32.8,86.4,4.6,34.9,71.3,0),(786,7,'2016-12-01',19.3,1.5,33.3,85.2,4.4,34.6,56.6,0),(787,7,'2017-01-01',17.1,1.4,33.4,87.7,4.3,35.6,50.7,0),(788,7,'2017-02-01',16.3,1.9,31.9,90.4,4.4,36.4,39.1,2.8),(789,7,'2017-03-01',15.5,1.1,33.4,71.8,4.4,35.8,48.2,0),(790,7,'2017-04-01',15.8,1.3,33.1,67.5,4.5,37.2,51.4,0),(791,7,'2017-05-01',17.3,1.1,33,42,4.7,29.8,38.5,0),(792,7,'2017-06-01',20.2,1.2,32.1,49.7,4.8,29.6,60.7,0),(793,7,'2017-07-01',22.8,1.6,31.2,68,5,32.2,35.2,0),(794,7,'2017-08-01',25.5,3.1,28.4,74.7,5.1,30.8,159.5,0),(795,7,'2017-09-01',24.3,2.5,28.7,73.5,4.9,21,83.4,0),(796,7,'2017-10-01',23,1.1,32,106.2,5.5,30.6,162,0),(797,7,'2017-11-01',21.4,0.8,32.9,0.7,6.1,37.8,19.2,0),(798,7,'2017-12-01',18.1,0.6,33.2,76.7,4.4,35.7,25.4,0),(799,7,'2018-01-01',15.9,0.8,33.2,84,4.3,34.5,58,7),(800,7,'2018-02-01',14.9,0.9,33.3,86.4,4.3,36.1,86.6,14.4),(801,7,'2018-03-01',15,1.4,33.1,89.5,5.1,36.1,118,0),(802,7,'2018-04-01',16,1.3,33.1,81.7,4.9,34.8,112.5,0),(803,7,'2018-05-01',16.9,1.3,32.4,83.5,5,34.7,98.8,0),(804,7,'2018-06-01',20.6,0.9,31,66.9,5.2,39.8,211.1,0),(805,7,'2018-07-01',23.2,0.8,30.2,73.1,5.5,36.7,48.7,0),(806,7,'2018-08-01',25.9,1.6,30,90.3,5.5,40,376.5,0),(807,7,'2018-09-01',23.1,1.3,31,82.1,5.8,35.5,187.7,0),(808,7,'2018-10-01',22.5,1.4,31.7,73.6,4.5,36.1,347,0),(809,7,'2018-11-01',20.9,1,32.6,59.1,4.3,35.3,28.6,0),(810,7,'2018-12-01',19.3,1.2,32.9,86.3,4.3,34.2,96,0),(811,7,'2019-01-01',17.4,1.3,33.3,77.4,3.9,33.6,24.2,0),(812,7,'2019-02-01',16.2,1.2,33.1,77.5,4.2,34.3,37.9,0),(813,7,'2019-03-01',15.8,2,32.9,77.1,4.5,35,55.5,0),(814,7,'2019-04-01',16.4,1.5,32.9,69.6,4.6,33.8,46.4,0),(815,7,'2019-05-01',18,1.5,31.4,55.5,4.4,36,42.8,0),(816,7,'2019-06-01',20.3,1.4,31.8,54.7,5.3,32,145.8,0),(817,7,'2019-07-01',21.8,1.3,29.6,78.2,6.2,34.5,510.1,0),(818,7,'2019-08-01',25,1.4,29,61.2,5.4,37.8,242.3,0),(819,7,'2019-09-01',24.5,1.1,28.6,105.2,5.6,42.1,610.6,0),(820,7,'2019-10-01',23.5,1.2,31.1,94.7,5.2,33.8,188.6,0),(821,7,'2019-11-01',21.5,1.3,32.4,85.2,4.6,37.3,27.5,0),(822,7,'2019-12-01',19.3,1.3,32.8,78.1,4.4,38,48.2,0),(823,7,'2020-01-01',17.1,1.2,33.1,90.4,4.4,39.1,116.7,0),(824,7,'2020-02-01',16.4,1.6,33.3,0.9,5.8,35.4,29.8,0),(825,7,'2020-03-01',16.1,1.6,33.1,85.6,4.7,38.7,81.6,0),(826,7,'2020-04-01',16.4,1.9,33.2,70.7,4.4,34.9,82.3,0),(827,7,'2020-05-01',17,1.5,32.5,66.8,4.8,37.7,20.6,0),(828,7,'2020-06-01',19.2,1.4,31.4,57.7,4.8,30.7,221.5,0),(829,7,'2020-07-01',20.3,1.4,30.6,0.4,6.3,33.8,184.7,0),(830,7,'2020-08-01',24.9,1.4,29.2,69.8,4.7,36.6,140.4,0),(831,7,'2020-09-01',24.1,1,28.9,0.7,6.6,34.2,400.5,0),(832,7,'2020-10-01',22.1,0.9,31.3,0.8,5.6,32.8,53.7,0),(833,7,'2020-11-01',21,1.1,32.7,92.1,4.5,28.5,28.2,0),(834,7,'2020-12-01',18.6,1.2,33.2,95.2,4.6,23.4,29.5,2.1),(835,7,'2021-01-01',16.7,1.7,33.5,143.8,5.5,22.5,116.6,9.2),(836,7,'2021-02-01',15.9,2,33.5,137.4,5.3,23.4,52.8,1.8),(837,7,'2021-03-01',16.1,1.4,33.4,105.8,5.1,25.7,81.1,0),(838,7,'2021-04-01',16.8,1.5,33.2,111.9,5.1,24.3,58.8,0),(839,7,'2021-05-01',17.9,1.7,33.2,72.7,4.5,26.4,100.7,0),(840,7,'2021-06-01',20.9,1.2,31.8,61.8,4.7,21.7,122.4,0),(841,7,'2021-07-01',24.4,1.6,29.7,79.4,4.9,28.6,247.1,0),(842,7,'2021-08-01',25.7,1.3,29.5,71.8,5,37.5,227.8,0),(843,7,'2021-09-01',24.6,1.3,28.3,123.8,5.3,35,493.1,0),(844,7,'2021-10-01',24.7,1,31.6,89.8,5,29.3,32.1,0),(845,7,'2021-11-01',20.8,1.6,32.8,112.9,5,33.1,63.8,0),(846,7,'2021-12-01',18.9,1.6,33.2,123.2,5.2,29,31.4,4.4),(847,7,'2022-01-01',16.9,1.3,33.4,0.3,3.5,31.3,33.6,0.4),(848,7,'2022-02-01',15.5,1.6,33.4,0.6,4.8,31,25.1,0.3),(849,7,'2022-03-01',15.4,1.5,33.3,96.2,5,30.9,96.1,0),(850,7,'2022-04-01',17.3,1.3,33.6,64,4.6,29.8,84,0),(851,7,'2022-05-01',19,1.4,33.8,43.7,4,29.4,9.1,0),(852,7,'2022-06-01',20.4,1.4,32.3,82.3,4.9,36.9,143.6,0),(853,7,'2022-07-01',24.9,1.4,29.6,66.4,4.8,39,149,0),(854,7,'2022-08-01',26.6,1.9,28.8,77,4.6,43.7,124.3,0),(855,7,'2022-09-01',25.6,1.3,30.6,133,5.7,35.7,265.8,0),(856,7,'2022-10-01',23.6,1.3,31.8,112.6,5.2,35.9,22.1,0),(857,7,'2022-11-01',22,1.1,32.5,86.9,4.7,34.9,87.8,0),(858,7,'2022-12-01',19.3,1.5,32.7,131,5.1,28.9,35.3,2.7),(859,7,'2023-01-01',17.2,1.5,32.9,115,5,30.5,42.1,3.7),(860,7,'2023-02-01',16.4,1.3,32.9,101.8,4.9,31.7,89.6,0),(861,7,'2023-03-01',16.7,1.3,33.1,75.6,4.6,36.9,49.6,0),(862,7,'2023-04-01',17.7,1.8,32.9,126.4,5.4,29.5,62.1,0),(863,7,'2023-05-01',18.3,1.4,27.7,62,4.4,28.5,269.3,0),(864,7,'2023-06-01',20.8,1.4,31.2,55.3,4.6,33.4,213,0),(865,7,'2023-07-01',22.7,1.3,29.4,64.8,4.8,37.8,273.2,0),(866,7,'2023-08-01',27.3,1.4,29.2,74,5.2,34,182.5,0),(867,7,'2023-09-01',26.6,1.1,30,73.2,4.9,33.6,84.5,0),(868,7,'2023-10-01',24.2,1.3,31.9,75.8,4.7,29.2,36,0),(869,7,'2023-11-01',22.2,1.7,32.4,109.3,5.1,32.7,69.1,0),(870,7,'2023-12-01',19.1,1.7,32.7,119.3,5.3,27,73.9,12.2),(871,7,'2024-01-01',17.4,1.6,33.2,126.8,5.1,28.1,93.4,3.7),(872,7,'2024-02-01',16.3,1.4,33,1,5.9,28.7,205.4,0),(873,7,'2024-03-01',16.1,1.6,33,108.2,5.1,30.6,98.1,0),(874,7,'2024-04-01',17.1,1.1,32.8,76.2,4.8,28.8,80.2,0),(875,7,'2024-05-01',18.6,1.6,32.2,75,4.9,22.4,42.9,0),(876,7,'2024-06-01',21,1.3,30.7,50.8,4.4,26.6,271.8,0),(877,7,'2024-07-01',22.9,1.6,28.3,73,4.9,38.6,156,0),(878,7,'2024-08-01',27.9,1.2,27,69.5,5.1,38.4,47,0),(879,7,'2024-09-01',27.9,1.3,28.6,90.6,5.3,29,126.2,0),(880,7,'2024-10-01',25.6,1.2,32.1,125.4,5.4,26.4,135.2,0),(881,7,'2024-11-01',22.8,1.3,32.2,136.3,5.4,26,335.7,0),(882,7,'2024-12-01',19,1.7,32.9,116.1,4.9,22.2,5.8,0),(883,7,'2025-01-01',16.7,1.6,33.2,116,5,22.9,25.4,0.8),(884,7,'2025-02-01',15.3,1.8,32.9,131.8,5.1,25.3,61.4,2.8),(885,7,'2025-03-01',14.9,6.1,32.9,126.2,5.1,27.1,82.5,0),(886,7,'2025-04-01',15.9,5,33,0.4,4.6,24.2,23.9,0),(887,7,'2025-05-01',16.8,1.6,32.5,0.4,4.7,22.3,81.8,0),(888,7,'2025-06-01',19.4,1.5,31.7,45.8,4.3,28.5,85.1,0),(889,7,'2025-07-01',24.4,1.5,30.5,76.2,4.9,33.4,141.9,0),(890,8,'2015-01-01',2.7,4,27.8,0.4,4.4,38,20.7,0.5),(891,8,'2015-02-01',2.9,4.5,27.9,0.4,4.2,41.5,23.1,0),(892,8,'2015-03-01',5.2,4.4,29.2,0.3,4.1,39,20.6,0),(893,8,'2015-04-01',9.8,3.6,28.8,0.3,3.9,41.9,116.8,0),(894,8,'2015-05-01',15.3,3.5,29.1,0.3,3.7,38.1,40.6,0),(895,8,'2015-06-01',20.3,3.3,30.1,0.3,4,38,64.1,0),(896,8,'2015-07-01',23.2,3.3,29.7,0.3,5,52,158.5,0),(897,8,'2015-08-01',25.6,3,28.1,0.3,4.9,57,63.1,0),(898,8,'2015-09-01',24.5,3.1,29.7,91.1,5.5,52.1,15.1,0),(899,8,'2015-10-01',20.3,3.9,26.6,0.6,6.2,52,73.1,0),(900,8,'2015-11-01',15.2,3.4,26.6,0.6,4.9,48.6,156.6,13.5),(901,8,'2015-12-01',8.8,3.5,26.3,0.4,4.1,49.6,63.6,12.5),(902,8,'2016-01-01',4.3,3.8,31.6,0.5,4.5,36.4,21.9,14.1),(903,8,'2016-02-01',2.7,4.5,31.7,0.5,4.6,38.4,61.7,7),(904,8,'2016-03-01',5.4,3.7,28,0.3,4.2,36.7,24.3,4.6),(905,8,'2016-04-01',10.9,3.4,27.4,0.3,4,35.4,87,0),(906,8,'2016-05-01',15.7,2.6,25.8,0.3,4,34.1,153.7,0),(907,8,'2016-06-01',20.6,3.3,27.2,0.3,4.1,34,36.8,0),(908,8,'2016-07-01',23.2,3.1,24.6,0.4,4.9,32.8,295.6,0),(909,8,'2016-08-01',26.8,3.6,24.6,0.2,4,33.9,34,0),(910,8,'2016-09-01',24.7,2.9,25.5,0.3,4.2,35.3,53.1,0),(911,8,'2016-10-01',20.8,3.5,26.2,0.3,4.1,34.5,73.8,0),(912,8,'2016-11-01',13.5,3.7,31.7,0.4,4.2,33.7,17.5,0),(913,8,'2016-12-01',7.9,3.9,31.6,0.5,4.3,33.6,62.7,1.8),(914,8,'2017-01-01',4.4,3.9,31.4,0.4,4.3,46.3,21.3,6.5),(915,8,'2017-02-01',2.6,4.7,30.3,0.4,4.3,45.3,31.4,0),(916,8,'2017-03-01',5.6,4.2,31.9,0.3,3.8,46.7,4.8,3.5),(917,8,'2017-04-01',11,3.9,31.6,0.4,3.9,45.1,38.9,0),(918,8,'2017-05-01',16.6,3.7,30.5,0.3,3.8,42.9,27.9,0),(919,8,'2017-06-01',21.2,4,31.5,0.3,3.8,42.5,23.3,0),(920,8,'2017-07-01',23.8,2.6,29,0.4,4.3,40.4,327.8,0),(921,8,'2017-08-01',25,3.1,28.2,0.3,4.5,37.5,231.3,0),(922,8,'2017-09-01',23.9,3.3,29,0.3,3.9,42.1,37.6,0),(923,8,'2017-10-01',20.1,3.5,30.2,0.3,3.7,42.2,25.5,0),(924,8,'2017-11-01',13.1,4.1,29.2,0.3,4,42.8,24.7,0),(925,8,'2017-12-01',5.4,3.9,31.1,0.5,4.4,43.2,35.9,0),(926,8,'2018-01-01',2.1,3.9,31.4,0.4,4.4,36.5,21,0),(927,8,'2018-02-01',0.3,4.4,31.5,0.5,4.1,36.4,40.5,0),(928,8,'2018-03-01',4.7,3.6,30.8,0.3,4,37.2,76.6,0),(929,8,'2018-04-01',9.6,4,30.6,0.3,4,35.6,132.8,0),(930,8,'2018-05-01',14,3.7,29.4,0.3,4,34.4,147.7,0),(931,8,'2018-06-01',18.9,3.2,29.9,0.3,4.2,33.1,162.3,0),(932,8,'2018-07-01',22.1,2.8,28.1,0.3,5.1,33.5,152.9,0),(933,8,'2018-08-01',27,3.5,30.2,0.4,4.9,33,156.8,0),(934,8,'2018-09-01',24.2,4,29.5,0.3,4.3,34.3,82.7,0),(935,8,'2018-10-01',19.1,3.8,29.5,0.4,4.1,33.8,153.2,0),(936,8,'2018-11-01',14.2,2.7,29.7,0.3,3.8,32.8,73.9,0),(937,8,'2018-12-01',11.4,4,30.1,0.4,4,32.5,26.8,0),(938,8,'2019-01-01',8.7,3.6,32.7,0.4,4.2,32.8,1.1,0),(939,8,'2019-02-01',4,3.6,32.9,0.3,4,34.7,30.2,0),(940,8,'2019-03-01',6.1,4.4,32.4,0.4,4.1,32.7,43.7,0),(941,8,'2019-04-01',10,3.5,32.4,0.3,3.7,33.3,43.9,0),(942,8,'2019-05-01',15.4,3.7,32.4,0.3,3.9,30.8,20.1,0),(943,8,'2019-06-01',20.1,3.6,32.2,0.2,3.8,32.4,56.3,0),(944,8,'2019-07-01',23.4,3.3,31.9,0.5,6.2,32,174.5,0),(945,8,'2019-08-01',25.8,3.3,31.4,0.6,6.2,33.3,121.1,0),(946,8,'2019-09-01',24.4,3.3,31.5,0.6,4.9,36.2,181.1,0),(947,8,'2019-10-01',21,3.4,31.8,1,4.9,36.4,81,0),(948,8,'2019-11-01',15.1,3.6,32.1,0.5,4.5,31.5,124.6,0),(949,8,'2019-12-01',8.7,3.8,32,1.2,5.2,31.1,37.4,0),(950,8,'2020-01-01',5.7,3.4,32.1,1.1,4.7,31.6,46,0),(951,8,'2020-02-01',5.3,2.8,28.7,1.1,5.1,32.4,72.3,0),(952,8,'2020-03-01',7.2,5,28.1,1.1,4.9,34.8,23,0),(953,8,'2020-04-01',10.8,5.6,29.4,0.8,4.7,34.2,20.7,0),(954,8,'2020-05-01',15.3,3.5,31.1,0.7,4.9,31.7,101.3,0),(955,8,'2020-06-01',20.3,3.5,31.6,0.6,5.3,32.2,144,0),(956,8,'2020-07-01',22.2,3.4,30.9,0.7,5.6,33.2,329.4,0),(957,8,'2020-08-01',23.3,3.1,26.1,0.9,5.9,34.8,400,0),(958,8,'2020-09-01',24,3.6,28.5,0.7,4.5,34.8,257.7,0),(959,8,'2020-10-01',19.5,3.6,30.8,0.8,4.4,34.6,12.6,0),(960,8,'2020-11-01',13.9,3.7,31.5,1.1,5.3,32.1,72,0),(961,8,'2020-12-01',7.5,3.7,31.7,1.2,5.2,32.3,9.7,0),(962,8,'2021-01-01',2.3,3.8,31.6,0.5,5,34,25.3,0),(963,8,'2021-02-01',2.7,4.7,31.5,0.5,4.6,33.1,9.6,0),(964,8,'2021-03-01',6.2,3.6,31.3,0.3,3.9,38,112.8,0),(965,8,'2021-04-01',10.9,4,31.5,0.3,4.3,30.5,110.6,0),(966,8,'2021-05-01',14.8,4.1,31.4,0.4,4.1,33.3,132.3,0),(967,8,'2021-06-01',18.9,3,31.2,0.3,4.1,31.7,70.9,0),(968,8,'2021-07-01',23.5,2.8,30.7,0.4,5.7,29.5,121.6,0),(969,8,'2021-08-01',26.5,3.2,30.3,0.3,4.6,32.9,217.8,0),(970,8,'2021-09-01',24.6,4.1,30.1,0.4,4.4,30.9,206,0),(971,8,'2021-10-01',21.4,3.5,30.8,0.3,4.2,28.4,55.9,0),(972,8,'2021-11-01',15.1,3.7,31.3,0.5,4.4,32.1,126.2,0),(973,8,'2021-12-01',8.4,4.2,31.5,0.5,4.5,32.8,18.3,0),(974,8,'2022-01-01',3.3,3.8,31.6,0.3,4.1,70.6,8.6,0),(975,8,'2022-02-01',2.6,4.7,31.6,0.4,4.2,70.3,4.7,0),(976,8,'2022-03-01',5.5,3.8,31.5,0.4,4.3,77.3,72.1,0),(977,8,'2022-04-01',10.7,3.6,31.4,0.3,3.9,75.3,52.2,0),(978,8,'2022-05-01',16.5,4,31.5,0.4,3.9,70.8,2.9,0),(979,8,'2022-06-01',20.9,4.3,31.5,0.5,4.4,72,352.4,0),(980,8,'2022-07-01',24,3.4,30.9,0.5,5.7,74.7,178.4,0),(981,8,'2022-08-01',26,3.7,29.5,0.6,5.7,79.2,468.7,0),(982,8,'2022-09-01',24.3,3.8,29.8,0.3,6,72.9,165.9,0),(983,8,'2022-10-01',19.7,3.9,30.7,0.4,5.4,75.7,160,0),(984,8,'2022-11-01',15.4,3.4,31.4,0.3,5.2,31.4,72.9,0),(985,8,'2022-12-01',7.5,3.8,31.5,0.5,5.6,32.5,31.9,0),(986,8,'2023-01-01',3.8,3.8,31.5,0.4,5.1,33,30.5,0),(987,8,'2023-02-01',3.6,3.5,31.3,0.3,6.5,35.6,0.1,0),(988,8,'2023-03-01',7.1,3.9,31.3,0.3,6.1,33.1,6.4,0),(989,8,'2023-04-01',11.4,3.9,31.3,0.4,6.2,32.3,54.6,0),(990,8,'2023-05-01',16,3.1,31.2,0.3,5.4,30.6,132.9,0),(991,8,'2023-06-01',20.5,3.4,30.9,0.4,6.2,30.2,138.1,0),(992,8,'2023-07-01',23,3,27.7,0.5,6.7,32.9,507,0),(993,8,'2023-08-01',26.5,3.3,27.8,0.3,5.8,34.1,225,0),(994,8,'2023-09-01',25.5,3.3,29.3,0.2,5.4,33.4,166.1,0),(995,8,'2023-10-01',20.9,3.5,30.3,0.3,4.8,33.6,39.6,0),(996,8,'2023-11-01',14.9,4.6,31.2,0.6,5.6,31.7,122.9,0),(997,8,'2023-12-01',8.1,3.8,31.3,1.4,5.5,32.7,106.5,0),(998,8,'2024-01-01',4.8,4,31.4,1.2,5.2,32.6,34.4,0),(999,8,'2024-02-01',4.7,3.8,31.4,0.3,5.4,34.1,86.4,0),(1000,8,'2024-03-01',6.8,4.3,31.2,0.4,5.3,33.7,26.1,0),(1001,8,'2024-04-01',11.4,3,31.4,0.2,4.7,31.7,45,0),(1002,8,'2024-05-01',16.3,3.7,31.3,0.6,5.4,30.3,157.4,0),(1003,8,'2024-06-01',21.1,3.3,31.3,0.6,5.2,34.4,120.4,0),(1004,8,'2024-07-01',23.1,3.8,28.8,0.6,5.2,31,556.1,0),(1005,8,'2024-08-01',27.6,2.9,29.1,0.3,3.8,32.4,197.6,0),(1006,8,'2024-09-01',27.6,3.3,30.5,0.3,4.2,34.7,354.2,0),(1007,8,'2024-10-01',22.2,3.2,31,0.3,4,32.5,150.3,0),(1008,8,'2024-11-01',16.6,3.7,31.7,0.5,4.5,32.3,62.1,0),(1009,8,'2024-12-01',8.8,3.8,32,0.5,4.5,32.1,16.1,0),(1010,8,'2025-01-01',4.7,3.6,31.8,0.5,4.4,33.2,38.9,0),(1011,8,'2025-02-01',2.8,4.7,31.9,0.5,4.4,34.3,10.2,0),(1012,8,'2025-03-01',5.6,4.8,32,0.4,4.2,36.3,39.7,0),(1013,8,'2025-04-01',10.6,4,32,0.4,4.1,33.8,65.9,0),(1014,8,'2025-05-01',15.1,3.5,31.9,0.4,3.9,31.1,73.7,0),(1015,8,'2025-06-01',19.9,3.2,31.9,0.4,4,29.4,99.9,0),(1016,8,'2025-07-01',23.3,3,31.5,0.4,5.4,30.7,597.3,0),(1017,9,'2015-01-01',6.4,1.4,34.6,123.7,5.5,38,60.8,0),(1018,9,'2015-02-01',6.5,1.7,34.8,125.7,5.5,41.5,57.1,0),(1019,9,'2015-03-01',8.6,1.8,34.6,99.4,5.6,39,101.4,0),(1020,9,'2015-04-01',12.7,2.4,33.6,121.2,5.4,41.9,301,0),(1021,9,'2015-05-01',16.9,1.9,32.5,64.3,5,38.1,160.1,0),(1022,9,'2015-06-01',19.8,1.7,32.5,75.8,5.5,38,85.8,0),(1023,9,'2015-07-01',23.2,2.2,31.5,128.8,6.4,52,180.9,0),(1024,9,'2015-08-01',25.9,1.7,30.9,94.7,6.6,57,171.4,0),(1025,9,'2015-09-01',25.6,2.2,30.4,128.9,5.7,52.1,123,0),(1026,9,'2015-10-01',22.7,1.7,31,96.7,5,52,73.8,0),(1027,9,'2015-11-01',17.7,1.9,31.9,123.4,5.7,48.6,97.2,0),(1028,9,'2015-12-01',11.9,1.3,32.9,108.2,5,49.6,51.3,0),(1029,9,'2016-01-01',7.1,1.6,34.2,137.6,5.4,23.6,70.7,0),(1030,9,'2016-02-01',6.3,1.8,34.4,134,5.5,21.5,93.2,0),(1031,9,'2016-03-01',9.2,1.8,34,0.6,5.3,17,133.1,0),(1032,9,'2016-04-01',13.3,1.9,33.2,117.5,5.6,28,262.9,0),(1033,9,'2016-05-01',16.9,2.5,33.3,81.5,4.9,26.5,106.8,0),(1034,9,'2016-06-01',21,1.9,32.2,82.2,5.7,24,112.7,0),(1035,9,'2016-07-01',23.3,1.9,31.6,88.2,5.7,32.2,235.5,0),(1036,9,'2016-08-01',28.9,2.1,30.3,97,5.4,28.3,61.7,0),(1037,9,'2016-09-01',27,2,28.8,127.6,6.3,24.8,543.3,0),(1038,9,'2016-10-01',23.1,2.4,29.3,124.7,5.4,21.8,194,0),(1039,9,'2016-11-01',17.1,1.5,31.5,103.6,5.3,24.6,61.7,0),(1040,9,'2016-12-01',11.4,1.4,33.1,119,5.6,29.8,118.1,0),(1041,9,'2017-01-01',7.8,1.6,34.1,123.3,5.6,27.2,16.2,0),(1042,9,'2017-02-01',6.6,1.6,32.9,133.3,5.5,33.2,43,0),(1043,9,'2017-03-01',9.7,1.7,34.5,93.6,5,27.2,32.6,0),(1044,9,'2017-04-01',13.8,2.1,33.8,99.2,5.2,26.7,148.5,0),(1045,9,'2017-05-01',18.1,1.8,33.3,65.6,4.8,22.9,34.8,0),(1046,9,'2017-06-01',21.3,1.9,32.9,74.6,5.4,12.7,68.4,0),(1047,9,'2017-07-01',23.2,1.9,32.2,77,5.3,19.5,223.3,0),(1048,9,'2017-08-01',28.7,2,31.7,102.7,5.4,24.2,169.7,0),(1049,9,'2017-09-01',24.6,2.2,31.5,104.8,5.3,26.1,362.2,0),(1050,9,'2017-10-01',20.6,2.4,32.2,150.3,6,29.4,132.1,0),(1051,9,'2017-11-01',16,1.3,32.8,83.7,5.3,31.9,1,0),(1052,9,'2017-12-01',9.8,1.3,33.3,98.4,5.4,27.7,17.6,0),(1053,9,'2018-01-01',7.2,1.4,33.6,110.7,5.6,23.3,33.8,0),(1054,9,'2018-02-01',6.4,1.6,33.9,108.2,5.6,25.4,40.9,0),(1055,9,'2018-03-01',9.9,2.4,33.5,155.6,6,23.9,222.3,0),(1056,9,'2018-04-01',13.4,2.2,33.6,112.7,5.3,24,170.4,0),(1057,9,'2018-05-01',16.1,2.3,33.3,109.2,5.2,23.6,227.2,0),(1058,9,'2018-06-01',19.4,2.1,33.3,96.1,5.5,17.8,306.5,0),(1059,9,'2018-07-01',22.7,1.9,31.8,112.8,6.6,19,139.2,0),(1060,9,'2018-08-01',26.2,2.5,32.4,117.3,6.1,20.1,177.4,0),(1061,9,'2018-09-01',23.2,2.1,31.8,117.4,5.9,26.4,529.4,0),(1062,9,'2018-10-01',19.9,1.8,31.9,110.4,5.2,26.1,170.3,0),(1063,9,'2018-11-01',16.2,1.3,33.1,71.5,4.9,22.9,41.8,0),(1064,9,'2018-12-01',11.3,1.3,33.3,105.3,5.1,22.9,59.5,0),(1065,9,'2019-01-01',7.9,1.3,33.7,104.6,5.2,26.3,18.3,0),(1066,9,'2019-02-01',8.5,1.5,33.8,97.6,5,26.3,53.2,0),(1067,9,'2019-03-01',11.5,1.9,34,105.1,4.9,26.3,65.6,0),(1068,9,'2019-04-01',13.8,1.9,34.1,95.3,5,21.5,105.6,0),(1069,9,'2019-05-01',17,1.8,33.8,67.7,4.5,20.5,95.2,0),(1070,9,'2019-06-01',19.8,1.7,33.3,81,5.5,16,411.3,0),(1071,9,'2019-07-01',21.9,2.2,32.2,105.1,5.8,28.4,329.3,0),(1072,9,'2019-08-01',24.7,1.7,32.3,100.9,6.3,35.2,79.2,0),(1073,9,'2019-09-01',23.7,2.2,32.1,141.5,6.1,28.6,237.1,0),(1074,9,'2019-10-01',21.4,2.1,30.1,145.7,6.1,24.6,223.9,0),(1075,9,'2019-11-01',17.4,1.6,32.2,101.7,5.2,30.7,26.1,0),(1076,9,'2019-12-01',12,1.2,33,98.8,5.2,31.3,39.8,0),(1077,9,'2020-01-01',9.3,1.6,33.3,131.5,5.6,27.6,124.6,0),(1078,9,'2020-02-01',9.7,1.6,33.3,109.5,5.4,32.5,75,0),(1079,9,'2020-03-01',11.5,1.9,33.6,114.4,5.4,32.4,61.8,0),(1080,9,'2020-04-01',13.7,2.1,33.8,117.4,5.3,31.2,72.2,0),(1081,9,'2020-05-01',16.5,2,33.7,90.3,5.1,31.3,119.5,0),(1082,9,'2020-06-01',19.8,1.8,33.5,88.4,5.6,31.4,371.3,0),(1083,9,'2020-07-01',20.9,1.6,31.4,107,6,33.3,607.8,0),(1084,9,'2020-08-01',22.4,2.2,30.8,115.4,5.9,43.1,273.4,0),(1085,9,'2020-09-01',23.3,2.6,30.6,147.9,6.1,32.2,338.2,0),(1086,9,'2020-10-01',20.5,1.9,31.5,103.2,4.9,31.2,28,0),(1087,9,'2020-11-01',16.6,1.4,32.5,96.5,5.1,39.4,54.4,0),(1088,9,'2020-12-01',10.5,1.2,33,92.6,4.8,34.1,11.5,0),(1089,9,'2021-01-01',7.1,1.6,33.5,128.9,5.6,31.8,19.3,0),(1090,9,'2021-02-01',8.6,2,33.7,138.6,5.6,34.2,70.3,0),(1091,9,'2021-03-01',11.1,2,33.7,122.6,5.5,28.4,157.8,0),(1092,9,'2021-04-01',14.3,2.3,33.7,127.3,5.7,26,103.1,0),(1093,9,'2021-05-01',16.9,2.1,33.7,97.6,5.2,27.8,163.1,0),(1094,9,'2021-06-01',19.7,1.7,33.4,78.5,5.4,21.2,182.3,0),(1095,9,'2021-07-01',23.7,2.2,32,104.5,5.9,31.3,404.5,0),(1096,9,'2021-08-01',26.8,2.1,31.1,120.2,6.1,30,477,0),(1097,9,'2021-09-01',24.6,2.6,30.3,136.3,5.7,25.3,145.5,0),(1098,9,'2021-10-01',22.1,1.6,31.4,98.8,5.6,28.1,5.9,0),(1099,9,'2021-11-01',17.2,1.6,32.5,102.2,5,33.7,67.1,0),(1100,9,'2021-12-01',11.8,1.2,33.1,119,5.4,33.6,4.2,0),(1101,9,'2022-01-01',8.5,1.2,33.6,104.3,5.9,30.5,0,0),(1102,9,'2022-02-01',7.9,1.5,33.8,116.3,5.2,28.6,0,0),(1103,9,'2022-03-01',10.3,1.9,33.9,109.1,5.3,32.8,121,0),(1104,9,'2022-04-01',14.2,1.9,33.7,94.5,5.1,27.7,191.7,0),(1105,9,'2022-05-01',17.4,1.8,33.2,64.6,4.4,27.7,0.1,0),(1106,9,'2022-06-01',20,2.4,33.3,105.1,5.3,29.6,101.5,0),(1107,9,'2022-07-01',22.9,1.6,33.3,88,5.8,39.4,151.8,0),(1108,9,'2022-08-01',24,1.9,33,95,5.4,49.6,186.9,0),(1109,9,'2022-09-01',24.1,2.4,31.1,168.4,6.1,30.5,159.4,0),(1110,9,'2022-10-01',21.2,1.9,32.2,123,5.3,38.8,10.4,0),(1111,9,'2022-11-01',17.5,1.3,33,77.8,4.6,40.8,46.9,0),(1112,9,'2022-12-01',11.7,1.2,33.3,119.1,5.5,32.6,18.1,0),(1113,9,'2023-01-01',8.9,1.1,33.5,119,5.4,29.1,74.8,0),(1114,9,'2023-02-01',8.6,1.5,33.3,97.2,5.2,28.6,35.5,0),(1115,9,'2023-03-01',12,1.5,33.7,81.3,4.7,31.5,60.6,0),(1116,9,'2023-04-01',15.3,2.3,33.5,121.8,5,28.6,104,0),(1117,9,'2023-05-01',17.5,1.8,33.1,92.1,5.2,28.9,241.1,0),(1118,9,'2023-06-01',20.7,1.7,33.3,76.2,5.8,32.8,237.5,0),(1119,9,'2023-07-01',21.8,1.7,31.7,104.9,6.5,42,586.4,0),(1120,9,'2023-08-01',26.1,1.9,29.6,119,6.1,31.3,391.6,0),(1121,9,'2023-09-01',26.1,1.6,29.7,107,5,31,283.7,0),(1122,9,'2023-10-01',21.7,1.4,31.5,83.4,5,26.4,4.1,0),(1123,9,'2023-11-01',16.8,1.4,33.1,105.5,5.4,28.9,47.8,0),(1124,9,'2023-12-01',11.4,1.2,33.3,114.8,5.4,25,67.2,0),(1125,9,'2024-01-01',9.2,1.3,33.4,133.5,5.9,23.1,35.2,0),(1126,9,'2024-02-01',9.4,2.3,33.5,157.8,5.8,19.8,116.6,0),(1127,9,'2024-03-01',11,1.8,33.4,135.4,5.6,20.6,113.2,0),(1128,9,'2024-04-01',14.8,1.5,33.1,92.8,5.3,13.3,195.7,0),(1129,9,'2024-05-01',18.1,1.9,33,100.2,5.3,11,147.9,0),(1130,9,'2024-06-01',21,1.6,33.3,72.7,5.3,11.5,208.2,0),(1131,9,'2024-07-01',21.5,2.1,32.6,0.6,5.7,19.7,458,0),(1132,9,'2024-08-01',26,1.8,31.8,0.6,5,20.8,44.3,0),(1133,9,'2024-09-01',27.8,2.2,30.7,114.6,5.6,30.4,283.7,0),(1134,9,'2024-10-01',23.3,2.2,30.2,134.9,5.5,29.6,216.1,0),(1135,9,'2024-11-01',19,1.5,31.7,123.3,5.5,31.2,117.6,0),(1136,9,'2024-12-01',12,1.1,32.7,0.4,5.8,33.9,0,0),(1137,9,'2025-01-01',8.6,1.2,33.2,0.4,6,29.1,7.4,0),(1138,9,'2025-02-01',7.3,1.2,33.4,0.5,6.6,28.2,28.7,0),(1139,9,'2025-03-01',9.6,1.5,33.6,0.8,5.9,25.7,58.6,0),(1140,9,'2025-04-01',13.3,1.5,33.7,0.6,4.8,15.8,72.7,0),(1141,9,'2025-05-01',16.2,1.8,33.4,0.5,5.6,27.4,166.7,0),(1142,9,'2025-06-01',19.1,1.7,33.2,0.5,5,37.8,227.2,0),(1143,9,'2025-07-01',23.7,1.9,32.8,0.5,5.6,35,83.6,0);
/*!40000 ALTER TABLE `sea_weather` ENABLE KEYS */;
UNLOCK TABLES;
/*!40103 SET TIME_ZONE=@OLD_TIME_ZONE */;

/*!40101 SET SQL_MODE=@OLD_SQL_MODE */;
/*!40014 SET FOREIGN_KEY_CHECKS=@OLD_FOREIGN_KEY_CHECKS */;
/*!40014 SET UNIQUE_CHECKS=@OLD_UNIQUE_CHECKS */;
/*!40101 SET CHARACTER_SET_CLIENT=@OLD_CHARACTER_SET_CLIENT */;
/*!40101 SET CHARACTER_SET_RESULTS=@OLD_CHARACTER_SET_RESULTS */;
/*!40101 SET COLLATION_CONNECTION=@OLD_COLLATION_CONNECTION */;
/*!40111 SET SQL_NOTES=@OLD_SQL_NOTES */;

-- Dump completed on 2025-09-11 17:27:12
