지점,지점명,일시,평균기온,월합강수량,평균풍속(m/s),최심적설
90,속초,2015-01-01,1.8,8.7,2.2,3
90,속초,2015-02-01,2.4,32.1,2.5,8.7
90,속초,2015-03-01,6.6,8,2.5,
90,속초,2015-04-01,11.1,74.2,2.5,
90,속초,2015-05-01,17.8,9.2,2.4,
90,속초,2015-06-01,19.5,127.7,2.1,
90,속초,2015-07-01,22.7,163.1,1.9,
90,속초,2015-08-01,24.2,198.6,1.8,
90,속초,2015-09-01,19.1,13.5,1.8,
90,속초,2015-10-01,14.7,27.4,2,
90,속초,2015-11-01,8.4,463.5,2,
90,속초,2015-12-01,3,1.7,1.8,
90,속초,2016-01-01,-1.2,6.6,2.4,
90,속초,2016-02-01,0.8,38.3,2.1,
90,속초,2016-03-01,7,31.8,1.9,
90,속초,2016-04-01,12.6,77.5,2.3,
90,속초,2016-05-01,17.2,35.7,2.2,
90,속초,2016-06-01,20.6,62.2,1.8,
90,속초,2016-07-01,22.9,477.8,1.3,
90,속초,2016-08-01,25.5,186.9,1.6,
90,속초,2016-09-01,20.4,126,1.5,
90,속초,2016-10-01,15.3,128.5,1.7,
90,속초,2016-11-01,8.4,40.8,1.8,
90,속초,2016-12-01,4.4,121.7,1.9,
90,속초,2017-01-01,0.8,82.4,1.9,
90,속초,2017-02-01,3,3.2,2,
90,속초,2017-03-01,7,48.7,1.9,
90,속초,2017-04-01,14.8,46.8,2.3,
90,속초,2017-05-01,18.7,25.2,2,
90,속초,2017-06-01,19.8,69.7,1.7,
90,속초,2017-07-01,25.6,270.3,1.2,
90,속초,2017-08-01,23.7,424.9,1.1,
90,속초,2017-09-01,20.8,50.5,1.6,
90,속초,2017-10-01,14.5,135.4,1.7,
90,속초,2017-11-01,7.8,41.2,2.2,
90,속초,2017-12-01,0.7,9.9,2.2,
90,속초,2018-01-01,-1.4,3.9,2,
90,속초,2018-02-01,-0.5,54.4,2.1,
90,속초,2018-03-01,8,55,2.2,
90,속초,2018-04-01,13,141.7,2.3,
90,속초,2018-05-01,15.9,123.6,2,
90,속초,2018-06-01,21.3,46.5,1.7,
90,속초,2018-07-01,25,185.4,1.6,
90,속초,2018-08-01,25.6,625,1.6,
90,속초,2018-09-01,20,66.1,1.5,
90,속초,2018-10-01,13.5,257.6,1.8,
90,속초,2018-11-01,9.2,207.4,1.6,
90,속초,2018-12-01,1.6,10.4,1.8,
90,속초,2019-01-01,1.7,8.7,1.9,
90,속초,2019-02-01,2.5,27.6,1.8,
90,속초,2019-03-01,8.2,44.4,2.1,
90,속초,2019-04-01,11.9,80.9,2.1,
90,속초,2019-05-01,19.8,5.7,2.2,
90,속초,2019-06-01,20,97.8,1.8,
90,속초,2019-07-01,24.7,234.4,1.7,
90,속초,2019-08-01,25.7,293.5,1.7,
90,속초,2019-09-01,20.9,209.9,1.5,
90,속초,2019-10-01,16.1,185.5,1.9,
90,속초,2019-11-01,9.4,157.3,1.8,
90,속초,2019-12-01,4.2,9.8,1.9,
90,속초,2020-01-01,3.4,148.1,2.1,
90,속초,2020-02-01,4.1,55.8,2,
90,속초,2020-03-01,7.9,38,2.4,
90,속초,2020-04-01,11.3,38.4,2.5,
90,속초,2020-05-01,17.1,245.1,2.2,
90,속초,2020-06-01,22.2,271.9,2.2,
90,속초,2020-07-01,21.6,374.7,1.9,
90,속초,2020-08-01,25.7,411.3,1.4,
90,속초,2020-09-01,20.1,482.8,2.2,
90,속초,2020-10-01,14.3,0,1.7,
90,속초,2020-11-01,10,19.2,2,
90,속초,2020-12-01,1.8,0.5,2.1,
90,속초,2021-01-01,-1.2,0,2.3,
90,속초,2021-02-01,3.1,5,2.3,
90,속초,2021-03-01,8,104.2,2,
90,속초,2021-04-01,12.3,97.2,2.3,
90,속초,2021-05-01,16.7,154.9,2.1,
90,속초,2021-06-01,20.3,43.8,1.7,
90,속초,2021-07-01,25.5,104.1,1.5,
90,속초,2021-08-01,24.4,247.1,1.6,
90,속초,2021-09-01,20.9,141.6,1.7,
90,속초,2021-10-01,15.5,216.9,1.8,
90,속초,2021-11-01,9.9,16.2,2.2,
90,속초,2021-12-01,2.8,68.7,2.2,
90,속초,2022-01-01,-0.6,3.6,1.9,
90,속초,2022-02-01,0.3,11.1,2.3,
90,속초,2022-03-01,7.1,114.5,2.1,
90,속초,2022-04-01,14.2,33.5,2.3,
90,속초,2022-05-01,18.5,9.1,2.2,
90,속초,2022-06-01,20.9,248.7,1.9,
90,속초,2022-07-01,24.3,213.1,1.5,
90,속초,2022-08-01,24.6,323.7,1.3,
90,속초,2022-09-01,20.3,263.8,1.8,
90,속초,2022-10-01,13.9,377.1,1.8,
90,속초,2022-11-01,11,38.4,1.9,
90,속초,2022-12-01,-0.2,0.7,2.4,
90,속초,2023-01-01,0.2,94.7,2,
90,속초,2023-02-01,2.7,43.4,1.9,
90,속초,2023-03-01,9.3,10.1,2.1,
90,속초,2023-04-01,12.6,57,2.2,
90,속초,2023-05-01,17,81,1.9,
90,속초,2023-06-01,21.9,200.1,1.8,
90,속초,2023-07-01,25.8,108.2,1.5,
90,속초,2023-08-01,24.7,669.6,1.4,
90,속초,2023-09-01,21.7,208.2,1.4,
90,속초,2023-10-01,16.4,31.4,1.8,
90,속초,2023-11-01,8.8,60.1,2.4,
90,속초,2023-12-01,2.3,205,2.3,
90,속초,2024-01-01,0.6,11.6,2,
90,속초,2024-02-01,1.9,125.7,1.7,
90,속초,2024-03-01,5.7,58.6,2.2,
90,속초,2024-04-01,13.9,63.4,2.2,
90,속초,2024-05-01,17.8,63.4,2.6,
90,속초,2024-06-01,22.3,133.8,2.1,
90,속초,2024-07-01,26.8,109.3,2.4,
90,속초,2024-08-01,27.6,46.4,2.1,
90,속초,2024-09-01,22.1,457.9,2.2,
90,속초,2024-10-01,16.1,143.2,2.1,
90,속초,2024-11-01,10.8,17.6,2.5,
90,속초,2024-12-01,3.1,3.2,2.8,
90,속초,2025-01-01,1.2,14.5,3,
90,속초,2025-02-01,1.2,,3,
90,속초,2025-03-01,6.8,98.4,2.8,
90,속초,2025-04-01,11.7,48.2,2.6,
90,속초,2025-05-01,16.5,72.2,2.4,
90,속초,2025-06-01,22.8,30.2,2.1,
90,속초,2025-07-01,26.7,148.6,1.9,
90,속초,2025-08-01,27.3,95.8,1.9,
112,인천,2015-01-01,-0.8,10.3,3.5,1.8
112,인천,2015-02-01,1.2,22.8,3.5,0.4
112,인천,2015-03-01,5.4,10,3.4,
112,인천,2015-04-01,12.5,53.7,3.5,
112,인천,2015-05-01,17,30.1,2.9,
112,인천,2015-06-01,21.8,63.6,2.6,
112,인천,2015-07-01,24.5,175.8,3,
112,인천,2015-08-01,25.8,45.5,2.8,
112,인천,2015-09-01,22.5,13.5,2.7,
112,인천,2015-10-01,16,87,3.1,
112,인천,2015-11-01,9.4,107.7,3.3,0.7
112,인천,2015-12-01,2.4,32,3.3,3.9
112,인천,2016-01-01,-2.2,2.8,3.5,2.7
112,인천,2016-02-01,0.9,43.1,3.7,5.8
112,인천,2016-03-01,6.4,44.1,3.3,
112,인천,2016-04-01,12.7,80.8,3.1,
112,인천,2016-05-01,18.3,148.5,3.2,
112,인천,2016-06-01,22.1,19.5,2.6,
112,인천,2016-07-01,25.2,300.5,2.7,
112,인천,2016-08-01,27.4,26.5,2.7,
112,인천,2016-09-01,22.9,34.5,2.4,
112,인천,2016-10-01,16.2,78.7,3.1,
112,인천,2016-11-01,7.4,18.2,3.4,0.5
112,인천,2016-12-01,2.2,67.1,3.4,1.8
112,인천,2017-01-01,-0.9,20.6,3.4,8.1
112,인천,2017-02-01,0.2,16.2,3.8,1.7
112,인천,2017-03-01,5.8,9.7,3.1,
112,인천,2017-04-01,12.4,57,3.3,
112,인천,2017-05-01,17.6,21.6,2.9,
112,인천,2017-06-01,21.7,49.3,2.8,
112,인천,2017-07-01,25.8,478.3,2.6,
112,인천,2017-08-01,25.4,250.5,2.9,
112,인천,2017-09-01,21.9,21.6,2.8,
112,인천,2017-10-01,15.7,21.8,3,
112,인천,2017-11-01,5.9,42.2,3.4,1.5
112,인천,2017-12-01,-1.3,40.1,3.6,4.1
112,인천,2018-01-01,-3.8,4.5,3.5,2.9
112,인천,2018-02-01,-1.8,27,3.6,2.9
112,인천,2018-03-01,6.9,78.6,3.3,
112,인천,2018-04-01,11.9,112.2,3.4,
112,인천,2018-05-01,17,158.9,3,
112,인천,2018-06-01,21.2,144,2.3,
112,인천,2018-07-01,26.6,148.8,2.6,
112,인천,2018-08-01,28.1,214.9,3,
112,인천,2018-09-01,21.6,46.1,3,
112,인천,2018-10-01,13.8,116.2,2.9,
112,인천,2018-11-01,8.5,66.6,2.6,1.6
112,인천,2018-12-01,-0.2,16.6,3.6,4.2
112,인천,2019-01-01,-0.5,0.7,3,0.6
112,인천,2019-02-01,0.8,26.6,2.9,4.2
112,인천,2019-03-01,6.4,28.4,3.3,
112,인천,2019-04-01,11.3,41.1,2.9,
112,인천,2019-05-01,17.6,33.2,3,
112,인천,2019-06-01,21.3,49.7,2.6,
112,인천,2019-07-01,25,220.8,2.9,
112,인천,2019-08-01,26.9,143.7,2.7,
112,인천,2019-09-01,22.5,229,2.8,
112,인천,2019-10-01,16.8,31.9,2.8,
112,인천,2019-11-01,8.2,89.4,3,
112,인천,2019-12-01,2,25,3.4,
112,인천,2020-01-01,1.8,48.6,3,
112,인천,2020-02-01,2.5,49.7,3.1,3.5
112,인천,2020-03-01,7.1,10.7,3.6,
112,인천,2020-04-01,10.4,13.8,3.9,
112,인천,2020-05-01,16.7,101.2,2.7,
112,인천,2020-06-01,21.8,100.2,2.6,
112,인천,2020-07-01,23.2,243.5,2.7,
112,인천,2020-08-01,25.9,486.4,3.1,
112,인천,2020-09-01,21.3,167.7,3.3,
112,인천,2020-10-01,14.8,1.9,2.8,
112,인천,2020-11-01,8.3,81.6,3.1,
112,인천,2020-12-01,0.2,6.6,3.2,1.2
112,인천,2021-01-01,-2,20.8,3.4,4
112,인천,2021-02-01,2.1,6.6,3.6,4.6
112,인천,2021-03-01,7.7,93.4,2.8,0.4
112,인천,2021-04-01,13.2,116.9,3.2,
112,인천,2021-05-01,16.2,191.5,3,
112,인천,2021-06-01,21.6,45.4,2.4,
112,인천,2021-07-01,27.2,84.2,2.2,
112,인천,2021-08-01,25.5,269,2.5,
112,인천,2021-09-01,22.7,125.8,2.8,
112,인천,2021-10-01,16,31.6,2.6,
112,인천,2021-11-01,8.8,79,2.9,
112,인천,2021-12-01,1.3,7.6,3.3,5.2
112,인천,2022-01-01,-2.2,4.4,2.9,3.1
112,인천,2022-02-01,-1.3,2.7,3.3,5.3
112,인천,2022-03-01,6.7,84.6,3,
112,인천,2022-04-01,12.9,21.1,3,
112,인천,2022-05-01,17.1,5.4,2.9,
112,인천,2022-06-01,21.9,286,3,
112,인천,2022-07-01,26.2,215.2,2.5,
112,인천,2022-08-01,24.9,635.9,2.8,
112,인천,2022-09-01,22,167.8,2.6,
112,인천,2022-10-01,14.4,102.1,2.6,
112,인천,2022-11-01,10.2,81.3,2.7,
112,인천,2022-12-01,-2.6,14,3,5.6
112,인천,2023-01-01,-1.6,47.2,2.9,8.4
112,인천,2023-02-01,1.6,0.5,2.8,
112,인천,2023-03-01,8.1,10,2.9,
112,인천,2023-04-01,12.7,70.4,3.1,
112,인천,2023-05-01,18,133.8,2.4,
112,인천,2023-06-01,21.8,116.2,2.2,
112,인천,2023-07-01,25.7,370.8,2.4,
112,인천,2023-08-01,26.6,297.5,2.1,
112,인천,2023-09-01,23.5,129.2,1.6,
112,인천,2023-10-01,16.3,16.8,2.3,
112,인천,2023-11-01,6.9,63.1,3.3,
112,인천,2023-12-01,1.2,75.9,3,4.1
112,인천,2024-01-01,-0.6,16.3,3,1.7
112,인천,2024-02-01,3.3,63.8,2.9,9.9
112,인천,2024-03-01,6.3,19.2,3.3,
112,인천,2024-04-01,14.6,35.3,2.4,
112,인천,2024-05-01,16.9,122.6,2.6,
112,인천,2024-06-01,22.7,101.8,2.4,
112,인천,2024-07-01,25.7,342.9,3,
112,인천,2024-08-01,28.8,86.7,2.2,
112,인천,2024-09-01,25.4,122.9,2.3,
112,인천,2024-10-01,17,82.1,2.2,
112,인천,2024-11-01,9.9,62.2,2.6,26
112,인천,2024-12-01,0.9,5,2.8,4.3
112,인천,2025-01-01,-0.6,19.6,2.8,6.3
112,인천,2025-02-01,-1.4,3.5,3.2,3.3
112,인천,2025-03-01,6.7,26.5,3.3,3.6
112,인천,2025-04-01,11.9,106.2,3,
112,인천,2025-05-01,16.5,98.2,2.6,
112,인천,2025-06-01,22,147.9,2.4,
112,인천,2025-07-01,27.4,260.1,2.4,
112,인천,2025-08-01,27.4,307.1,2.5,
119,수원,2015-01-01,-0.5,17.5,1.8,3
119,수원,2015-02-01,1.3,22.7,2,1.2
119,수원,2015-03-01,6,12.5,2,
119,수원,2015-04-01,13.1,99.2,2.1,
119,수원,2015-05-01,18.2,32.6,2,
119,수원,2015-06-01,23.1,30.2,1.9,
119,수원,2015-07-01,25.5,225.8,2.1,
119,수원,2015-08-01,26.2,71,1.6,
119,수원,2015-09-01,22.1,6.9,1.6,
119,수원,2015-10-01,15.3,67.4,1.4,
119,수원,2015-11-01,9.5,116,1.7,5.8
119,수원,2015-12-01,2.4,49.3,1.5,8.2
119,수원,2016-01-01,-2.1,4.6,1.7,3.7
119,수원,2016-02-01,0.9,52.6,1.9,1.8
119,수원,2016-03-01,7,54.8,1.7,
119,수원,2016-04-01,13.9,79.2,1.8,
119,수원,2016-05-01,19.1,156.4,2,
119,수원,2016-06-01,23.2,37.4,1.9,
119,수원,2016-07-01,26,317.7,1.8,
119,수원,2016-08-01,27.7,73,1.8,
119,수원,2016-09-01,22.7,67.8,1.7,
119,수원,2016-10-01,15.7,99.1,1.7,
119,수원,2016-11-01,7,17.4,1.7,
119,수원,2016-12-01,1.7,63.4,1.6,1.3
119,수원,2017-01-01,-1.5,19.4,1.7,7.1
119,수원,2017-02-01,0,22.5,2,
119,수원,2017-03-01,5.7,9,1.9,
119,수원,2017-04-01,13.2,52.5,2.1,
119,수원,2017-05-01,18.4,22.5,2,
119,수원,2017-06-01,22.4,27.6,2,
119,수원,2017-07-01,26.5,684.5,1.6,
119,수원,2017-08-01,25.5,359.7,1.8,
119,수원,2017-09-01,21.2,26.1,1.6,
119,수원,2017-10-01,15.4,28.7,1.5,
119,수원,2017-11-01,5.7,37.6,1.7,4.8
119,수원,2017-12-01,-1.4,38.5,1.8,2
119,수원,2018-01-01,-3.6,7.9,1.8,3.1
119,수원,2018-02-01,-1.6,29.1,2,2.5
119,수원,2018-03-01,7.9,86,2.1,1.6
119,수원,2018-04-01,12.6,128.8,2,
119,수원,2018-05-01,17.9,196.4,2,
119,수원,2018-06-01,22.6,107,1.9,
119,수원,2018-07-01,27.5,222.7,1.8,
119,수원,2018-08-01,28.4,218.6,2.1,
119,수원,2018-09-01,21.1,61.7,1.9,
119,수원,2018-10-01,12.6,132.7,1.4,
119,수원,2018-11-01,7.7,78.1,1.3,2.4
119,수원,2018-12-01,-0.3,24.1,1.7,4.2
119,수원,2019-01-01,-1.1,0.5,1.5,0.1
119,수원,2019-02-01,0.8,33.4,1.6,3.9
119,수원,2019-03-01,6.6,39.6,1.9,
119,수원,2019-04-01,11.7,43.6,1.8,
119,수원,2019-05-01,18.4,26.7,2,
119,수원,2019-06-01,22.1,68.8,1.8,
119,수원,2019-07-01,25.8,190.9,2,
119,수원,2019-08-01,26.8,117.9,1.8,
119,수원,2019-09-01,22.3,201.9,1.8,
119,수원,2019-10-01,16,73.1,1.7,
119,수원,2019-11-01,7.5,93.2,1.7,
119,수원,2019-12-01,1.5,26.2,1.7,0.5
119,수원,2020-01-01,1.6,61,1.6,
119,수원,2020-02-01,2.4,59.2,1.9,6
119,수원,2020-03-01,7.1,19.5,2.4,
119,수원,2020-04-01,10.5,15.8,2.7,
119,수원,2020-05-01,17.6,97.9,1.9,
119,수원,2020-06-01,23,91.1,2,
119,수원,2020-07-01,23.8,384.7,1.9,
119,수원,2020-08-01,26.7,659.3,2,
119,수원,2020-09-01,21.1,163.4,1.9,
119,수원,2020-10-01,13.8,22.2,1.5,
119,수원,2020-11-01,7.7,56.8,1.8,
119,수원,2020-12-01,-0.4,4.6,1.8,2.4
119,수원,2021-01-01,-2.4,24.1,1.9,9.4
119,수원,2021-02-01,2.2,9.7,2.2,7.4
119,수원,2021-03-01,8.1,102.8,1.9,0.3
119,수원,2021-04-01,13.5,106.4,2.2,
119,수원,2021-05-01,16.5,179.2,2,
119,수원,2021-06-01,22.5,50.1,1.8,
119,수원,2021-07-01,27.7,134.4,1.8,
119,수원,2021-08-01,25.7,161.1,1.8,
119,수원,2021-09-01,22.6,164.1,2.1,
119,수원,2021-10-01,15.6,36,1.7,
119,수원,2021-11-01,7.9,104.2,1.6,
119,수원,2021-12-01,0.7,12.3,1.9,3.4
119,수원,2022-01-01,-2.2,3.9,1.7,2
119,수원,2022-02-01,-1.1,4,2.3,4.6
119,수원,2022-03-01,7.1,74.7,2,
119,수원,2022-04-01,13.5,42.4,2.1,
119,수원,2022-05-01,18.1,13.4,2.3,
119,수원,2022-06-01,23.1,472.1,2.3,
119,수원,2022-07-01,27.1,243,1.9,
119,수원,2022-08-01,25.5,640.8,1.9,
119,수원,2022-09-01,22.1,190.1,1.8,
119,수원,2022-10-01,14.3,108.5,1.7,
119,수원,2022-11-01,9.5,51.4,1.5,
119,수원,2022-12-01,-3.9,19.7,1.8,7
119,수원,2023-01-01,-2.1,38.9,1.8,5.5
119,수원,2023-02-01,1.6,0.7,1.7,
119,수원,2023-03-01,8.5,5.5,1.9,
119,수원,2023-04-01,13,67.4,2.2,
119,수원,2023-05-01,18.3,120.3,1.9,
119,수원,2023-06-01,22.4,131.5,2,
119,수원,2023-07-01,25.9,490.5,2,
119,수원,2023-08-01,26.7,200.7,1.9,
119,수원,2023-09-01,23.1,135.6,1.6,
119,수원,2023-10-01,14.9,35.8,1.5,
119,수원,2023-11-01,6.7,99,2.2,0.1
119,수원,2023-12-01,1.1,83.5,1.8,6.5
119,수원,2024-01-01,-0.6,21.2,1.8,2.1
119,수원,2024-02-01,3.4,74.8,1.9,5.9
119,수원,2024-03-01,6.5,30.2,2.3,
119,수원,2024-04-01,15,55,1.8,
119,수원,2024-05-01,17.2,109.4,2.1,
119,수원,2024-06-01,22.9,137.5,1.9,
119,수원,2024-07-01,26.1,403.3,2.3,
119,수원,2024-08-01,28.4,127.6,1.7,
119,수원,2024-09-01,25.1,219.4,1.8,
119,수원,2024-10-01,16.1,97.2,1.6,
119,수원,2024-11-01,9,98.1,1.6,43
119,수원,2024-12-01,0.2,4.5,1.7,12.7
119,수원,2025-01-01,-1.1,20.5,1.7,16.5
119,수원,2025-02-01,-1.7,5.4,2.2,4.6
119,수원,2025-03-01,7.2,37.5,2.4,3.5
119,수원,2025-04-01,12.4,64.9,2.2,0.4
119,수원,2025-05-01,16.7,74.3,2,
119,수원,2025-06-01,22.8,78.2,2,
119,수원,2025-07-01,27.6,208.6,2,
119,수원,2025-08-01,27.2,167.3,1.8,
129,서산,2015-01-01,-0.4,20.7,2,0.5
129,서산,2015-02-01,1,23.1,2.2,
129,서산,2015-03-01,4.9,20.6,2.3,
129,서산,2015-04-01,11.9,116.8,2.3,
129,서산,2015-05-01,16.8,40.6,2.2,
129,서산,2015-06-01,21.3,64.1,2,
129,서산,2015-07-01,24.1,158.5,2.3,
129,서산,2015-08-01,24.9,63.1,1.9,
129,서산,2015-09-01,20.7,15.1,1.6,
129,서산,2015-10-01,14.8,73.1,1.8,
129,서산,2015-11-01,9.5,156.6,1.7,13.5
129,서산,2015-12-01,2.8,63.6,1.9,12.5
129,서산,2016-01-01,-1.6,21.9,2,14.1
129,서산,2016-02-01,0.6,61.7,2.3,7
129,서산,2016-03-01,5.9,24.3,2.3,4.6
129,서산,2016-04-01,12.5,87,2.3,
129,서산,2016-05-01,17.9,153.7,2.3,
129,서산,2016-06-01,21.9,36.8,2,
129,서산,2016-07-01,25.2,295.6,2,
129,서산,2016-08-01,26.4,34,1.6,
129,서산,2016-09-01,21.7,53.1,1.4,
129,서산,2016-10-01,15.3,73.8,1.7,
129,서산,2016-11-01,7.2,17.5,1.8,
129,서산,2016-12-01,2.2,62.7,2,1.8
129,서산,2017-01-01,-1.2,21.3,2,6.5
129,서산,2017-02-01,-0.4,31.4,2.3,0
129,서산,2017-03-01,4.5,4.8,2,3.5
129,서산,2017-04-01,12,38.9,2.6,
129,서산,2017-05-01,17.4,27.9,2.3,
129,서산,2017-06-01,21.2,23.3,1.9,
129,서산,2017-07-01,25.8,327.8,2,
129,서산,2017-08-01,25.2,231.3,1.6,
129,서산,2017-09-01,20.6,37.6,1.6,
129,서산,2017-10-01,15,25.5,1.7,
129,서산,2017-11-01,6.2,24.7,2,
129,서산,2017-12-01,-0.4,35.9,2,
129,서산,2018-01-01,-3.2,21,1.9,
129,서산,2018-02-01,-1.7,40.5,2.3,
129,서산,2018-03-01,6.7,76.6,2.3,
129,서산,2018-04-01,11.7,132.8,2.4,
129,서산,2018-05-01,17.1,147.7,2.3,
129,서산,2018-06-01,21.6,162.3,1.7,
129,서산,2018-07-01,26.5,152.9,1.8,
129,서산,2018-08-01,27.4,156.8,1.9,
129,서산,2018-09-01,20.3,82.7,1.6,
129,서산,2018-10-01,12.3,153.2,1.7,
129,서산,2018-11-01,7.4,73.9,1.2,
129,서산,2018-12-01,0.6,26.8,1.9,
129,서산,2019-01-01,-1.1,1.1,1.6,
129,서산,2019-02-01,0.4,30.2,1.6,
129,서산,2019-03-01,5.8,43.7,2.3,
129,서산,2019-04-01,11,43.9,1.9,
129,서산,2019-05-01,17.3,20.1,2.2,
129,서산,2019-06-01,20.9,56.3,1.7,
129,서산,2019-07-01,24.6,174.5,2.3,
129,서산,2019-08-01,25.9,121.1,1.6,
129,서산,2019-09-01,21.6,181.1,1.7,
129,서산,2019-10-01,15.5,81,1.6,
129,서산,2019-11-01,7.8,124.6,1.7,
129,서산,2019-12-01,2.4,37.4,1.7,
129,서산,2020-01-01,1.8,46,1.7,
129,서산,2020-02-01,2.5,72.3,1.9,
129,서산,2020-03-01,6.5,23,2.6,
129,서산,2020-04-01,9.8,20.7,2.7,
129,서산,2020-05-01,16.9,101.3,2.1,
129,서산,2020-06-01,22.1,144,2,
129,서산,2020-07-01,23,329.4,1.6,
129,서산,2020-08-01,26.2,400,2.4,
129,서산,2020-09-01,20.5,257.7,1.8,
129,서산,2020-10-01,13.3,12.6,1.4,
129,서산,2020-11-01,8,72,1.7,
129,서산,2020-12-01,0.5,9.7,1.7,
129,서산,2021-01-01,-1.8,25.3,1.9,
129,서산,2021-02-01,2.5,9.6,2.6,
129,서산,2021-03-01,7.5,112.8,2,
129,서산,2021-04-01,12.8,110.6,2.3,
129,서산,2021-05-01,16.2,132.3,2.3,
129,서산,2021-06-01,21.9,70.9,1.9,
129,서산,2021-07-01,26.7,121.6,1.8,
129,서산,2021-08-01,25.2,217.8,1.7,
129,서산,2021-09-01,21.9,206,2,
129,서산,2021-10-01,15.2,55.9,1.5,
129,서산,2021-11-01,8.2,126.2,1.7,
129,서산,2021-12-01,1.6,18.3,2,
129,서산,2022-01-01,-2.2,8.6,1.7,
129,서산,2022-02-01,-1.1,4.7,2.4,
129,서산,2022-03-01,6.1,72.1,2.2,
129,서산,2022-04-01,12.3,52.2,2.3,
129,서산,2022-05-01,16.8,2.9,2.6,
129,서산,2022-06-01,22.3,352.4,2.8,
129,서산,2022-07-01,26.2,178.4,1.9,
129,서산,2022-08-01,24.9,468.7,2.2,
129,서산,2022-09-01,21.2,165.9,2,
129,서산,2022-10-01,13.7,160,1.7,
129,서산,2022-11-01,9.3,72.9,1.6,
129,서산,2022-12-01,-1.9,31.9,1.8,
129,서산,2023-01-01,-1.3,30.5,2,
129,서산,2023-02-01,1.1,0.1,1.8,
129,서산,2023-03-01,7.6,6.4,2.3,
129,서산,2023-04-01,12.5,54.6,2.4,
129,서산,2023-05-01,17.9,132.9,2.1,
129,서산,2023-06-01,22.1,138.1,2.1,
129,서산,2023-07-01,25.8,507,2.2,
129,서산,2023-08-01,26.6,225,1.8,
129,서산,2023-09-01,22.8,166.1,1.6,
129,서산,2023-10-01,15,39.6,1.6,
129,서산,2023-11-01,7.6,122.9,2.5,
129,서산,2023-12-01,2.1,106.5,2.1,
129,서산,2024-01-01,0,34.4,2,
129,서산,2024-02-01,3.1,86.4,2.1,
129,서산,2024-03-01,6,26.1,2.5,
129,서산,2024-04-01,14.4,45,1.8,
129,서산,2024-05-01,16.8,157.4,2.2,
129,서산,2024-06-01,22.7,120.4,1.9,
129,서산,2024-07-01,26,556.1,2.8,
129,서산,2024-08-01,28.2,197.6,1.7,
129,서산,2024-09-01,25.1,354.2,1.6,
129,서산,2024-10-01,16.1,150.3,1.6,
129,서산,2024-11-01,9.4,62.1,1.9,
129,서산,2024-12-01,1.5,16.1,1.8,
129,서산,2025-01-01,-0.6,38.9,1.8,
129,서산,2025-02-01,-1.4,10.2,2.4,
129,서산,2025-03-01,6.3,39.7,2.7,
129,서산,2025-04-01,11.5,65.9,2.4,
129,서산,2025-05-01,16.2,73.7,2.2,
129,서산,2025-06-01,22.1,99.9,2.3,
129,서산,2025-07-01,27.3,597.3,2,
129,서산,2025-08-01,27.1,142.2,,
152,울산,2015-01-01,3.5,26.3,2.3,
152,울산,2015-02-01,4.5,20.4,2.3,
152,울산,2015-03-01,8.9,51.7,2.4,
152,울산,2015-04-01,13.8,122.9,2.4,
152,울산,2015-05-01,20,98.3,2.2,
152,울산,2015-06-01,21.5,77,2.1,
152,울산,2015-07-01,24.4,176.3,2.4,
152,울산,2015-08-01,26.4,120.2,2.1,
152,울산,2015-09-01,21.1,160.6,2.3,
152,울산,2015-10-01,16.6,39.8,2,
152,울산,2015-11-01,12.4,103.5,1.9,
152,울산,2015-12-01,6.5,47.6,2.1,
152,울산,2016-01-01,1.8,50.6,2.3,
152,울산,2016-02-01,4.8,32.4,2.6,
152,울산,2016-03-01,9.2,92.2,2.1,
152,울산,2016-04-01,14.3,179.2,2.3,
152,울산,2016-05-01,18.9,86.1,2.2,
152,울산,2016-06-01,22,70.1,1.7,
152,울산,2016-07-01,25.3,226.9,1.7,
152,울산,2016-08-01,26.4,98.2,2.1,
152,울산,2016-09-01,21.7,364.3,1.9,
152,울산,2016-10-01,17.2,358.7,2,
152,울산,2016-11-01,10.1,47.1,1.9,
152,울산,2016-12-01,6.1,88.1,2.1,
152,울산,2017-01-01,2.8,15.3,2.5,
152,울산,2017-02-01,4.4,23.6,2.8,
152,울산,2017-03-01,8,27.6,2.3,
152,울산,2017-04-01,15.1,111.9,2.5,
152,울산,2017-05-01,19.6,26.3,1.8,
152,울산,2017-06-01,21.2,38.5,1.9,
152,울산,2017-07-01,27.1,104.6,1.9,
152,울산,2017-08-01,25.9,69.8,2.1,
152,울산,2017-09-01,21.3,178,2,
152,울산,2017-10-01,17,63.1,2.3,
152,울산,2017-11-01,9.8,0,2.1,
152,울산,2017-12-01,2.3,12.7,2.5,
152,울산,2018-01-01,0.7,31.3,2.5,0.3
152,울산,2018-02-01,2.6,44.8,2.6,
152,울산,2018-03-01,9.5,155.3,2.7,
152,울산,2018-04-01,14.5,123.3,2.4,
152,울산,2018-05-01,18.1,95.4,2.3,
152,울산,2018-06-01,21.6,127.6,1.8,
152,울산,2018-07-01,26.8,160.3,1.9,
152,울산,2018-08-01,27,279.3,2.1,
152,울산,2018-09-01,21.1,156.9,2,
152,울산,2018-10-01,15.1,162,2,
152,울산,2018-11-01,10.7,51.8,1.7,
152,울산,2018-12-01,4.1,28.1,2.4,
152,울산,2019-01-01,3.5,15.5,2.5,1
152,울산,2019-02-01,5.1,38.8,2.4,0.1
152,울산,2019-03-01,9.9,40.7,2.4,
152,울산,2019-04-01,12.8,88.9,2.1,
152,울산,2019-05-01,19.7,35,1.9,
152,울산,2019-06-01,20.7,247.5,1.7,
152,울산,2019-07-01,24.8,206.5,2.1,
152,울산,2019-08-01,26.4,195.7,1.8,
152,울산,2019-09-01,22.3,287.5,1.9,
152,울산,2019-10-01,17.3,222.2,2.2,
152,울산,2019-11-01,11.3,31,2,
152,울산,2019-12-01,5.4,40.8,2.1,
152,울산,2020-01-01,5.2,178.7,2.5,
152,울산,2020-02-01,6,53.6,2.2,
152,울산,2020-03-01,9.6,41.6,2.3,
152,울산,2020-04-01,12.3,73.2,2.5,
152,울산,2020-05-01,18.1,51.5,1.9,
152,울산,2020-06-01,22.7,218.6,1.7,
152,울산,2020-07-01,22.1,498.3,1.5,
152,울산,2020-08-01,27.6,137.1,2.2,
152,울산,2020-09-01,21.1,243,2.5,
152,울산,2020-10-01,15.9,18.9,2.2,
152,울산,2020-11-01,11,37.7,2.1,
152,울산,2020-12-01,3.4,5.7,2.4,
152,울산,2021-01-01,2.1,20.6,2.5,0
152,울산,2021-02-01,6.5,28.8,2.5,
152,울산,2021-03-01,10.5,138.9,2.4,
152,울산,2021-04-01,13.8,73.9,2.3,
152,울산,2021-05-01,17.8,120.4,1.9,
152,울산,2021-06-01,21.7,93.8,1.6,
152,울산,2021-07-01,25.9,189.3,1.7,
152,울산,2021-08-01,25.3,443.9,1.7,
152,울산,2021-09-01,22.1,125.2,2.1,
152,울산,2021-10-01,17.1,49,1.8,
152,울산,2021-11-01,11.1,49.7,1.8,
152,울산,2021-12-01,4.7,3.5,2.3,
152,울산,2022-01-01,2.6,0.9,2.3,
152,울산,2022-02-01,2.7,2.2,2.5,
152,울산,2022-03-01,9.9,55.5,2.2,
152,울산,2022-04-01,14.7,81,2.1,
152,울산,2022-05-01,19.2,6.1,1.8,
152,울산,2022-06-01,22.4,147.1,2.2,
152,울산,2022-07-01,26,125,1.5,
152,울산,2022-08-01,26.4,138.5,2,
152,울산,2022-09-01,21.7,284.8,2.1,
152,울산,2022-10-01,16,30.4,2,
152,울산,2022-11-01,12.7,44.9,1.9,
152,울산,2022-12-01,2,9.7,2.5,
152,울산,2023-01-01,2.6,41.3,2.5,
152,울산,2023-02-01,5.2,28,2.4,
152,울산,2023-03-01,11.4,68.3,2.3,
152,울산,2023-04-01,14.1,57.7,2.6,
152,울산,2023-05-01,17.8,195.2,2.1,
152,울산,2023-06-01,22.3,141.4,1.8,
152,울산,2023-07-01,25.8,266.9,1.8,
152,울산,2023-08-01,26.5,403.3,2.1,
152,울산,2023-09-01,22.9,276.7,1.9,
152,울산,2023-10-01,16.4,4.3,1.9,
152,울산,2023-11-01,10.4,33.1,2.3,
152,울산,2023-12-01,4.9,126.7,2.5,
152,울산,2024-01-01,3.4,42.3,2.5,
152,울산,2024-02-01,6,105.4,2.6,
152,울산,2024-03-01,8.6,80.2,2.7,
152,울산,2024-04-01,14.9,99.1,1.9,
152,울산,2024-05-01,17.9,69.3,2.2,
152,울산,2024-06-01,22.6,124.6,1.5,
152,울산,2024-07-01,26.9,209.2,2.3,
152,울산,2024-08-01,28,89.1,2.1,
152,울산,2024-09-01,24.7,237,1.9,
152,울산,2024-10-01,17.8,174.3,2.1,
152,울산,2024-11-01,11.8,67.5,2.1,
152,울산,2024-12-01,4.1,0,2.5,
152,울산,2025-01-01,2.5,6.4,2.4,0.3
152,울산,2025-02-01,1.9,16.1,2.7,
152,울산,2025-03-01,9.2,71.7,2.6,
152,울산,2025-04-01,13.9,56.1,2.3,
152,울산,2025-05-01,17,107.1,2.2,
152,울산,2025-06-01,23.2,163.1,1.7,
152,울산,2025-07-01,27,285.1,1.8,
152,울산,2025-08-01,27.9,196.1,,
159,부산,2015-01-01,4.7,50.7,3.1,
159,부산,2015-02-01,5.4,30.5,3.3,
159,부산,2015-03-01,9.5,76.5,3.5,
159,부산,2015-04-01,13.9,268,3.5,
159,부산,2015-05-01,18.8,183,3,
159,부산,2015-06-01,21,69.2,2.6,
159,부산,2015-07-01,23.9,176.7,3.7,
159,부산,2015-08-01,26.1,132.5,3,
159,부산,2015-09-01,22.1,172,2.9,
159,부산,2015-10-01,18.1,62,2.9,
159,부산,2015-11-01,13.6,124.1,2.7,
159,부산,2015-12-01,7.9,51.5,3,
159,부산,2016-01-01,3.1,59.5,3.5,
159,부산,2016-02-01,5.5,63.7,3.7,
159,부산,2016-03-01,9.9,133.5,3.2,
159,부산,2016-04-01,15.1,198.5,3.2,
159,부산,2016-05-01,19.3,108.8,3.4,
159,부산,2016-06-01,21.9,115.2,2.9,
159,부산,2016-07-01,25.3,188.8,3.3,
159,부산,2016-08-01,27.7,141.5,3,
159,부산,2016-09-01,22.9,407.9,2.6,
159,부산,2016-10-01,18.7,182.4,2.7,
159,부산,2016-11-01,11.8,56.6,2.8,
159,부산,2016-12-01,7.3,103.8,3.1,
159,부산,2017-01-01,4.1,12,3.3,
159,부산,2017-02-01,5.5,33.8,3.5,
159,부산,2017-03-01,9,35.7,3.1,
159,부산,2017-04-01,15,105.1,3.8,
159,부산,2017-05-01,19,39.2,3.3,
159,부산,2017-06-01,21.3,49.8,2.9,
159,부산,2017-07-01,26.1,172.1,3.5,
159,부산,2017-08-01,27,82.5,2.9,
159,부산,2017-09-01,22.6,335,2.8,
159,부산,2017-10-01,18.1,138.3,2.9,
159,부산,2017-11-01,11.2,0.3,2.9,
159,부산,2017-12-01,3.6,10.6,3,
159,부산,2018-01-01,1.9,40.9,3.1,1.3
159,부산,2018-02-01,3.9,52.5,3.5,
159,부산,2018-03-01,10,206.1,3.9,
159,부산,2018-04-01,14.5,156.4,4,
159,부산,2018-05-01,17.8,155.8,3.8,
159,부산,2018-06-01,21.5,276.7,3.1,
159,부산,2018-07-01,26.7,122.1,3,
159,부산,2018-08-01,27.9,169.7,3.5,
159,부산,2018-09-01,21.9,308.4,3,
159,부산,2018-10-01,16.4,123.7,2,
159,부산,2018-11-01,12.4,107.3,2.3,
159,부산,2018-12-01,5.7,59,2.9,
159,부산,2019-01-01,4.5,12.7,3.1,0.2
159,부산,2019-02-01,6.6,51.5,2.9,
159,부산,2019-03-01,10.5,75.4,3.6,
159,부산,2019-04-01,13.4,85,3.2,
159,부산,2019-05-01,19.3,76.1,3.3,
159,부산,2019-06-01,21.1,324.3,2.6,
159,부산,2019-07-01,24.3,358.9,3.7,
159,부산,2019-08-01,27,156.3,3.1,
159,부산,2019-09-01,23.1,279,2.8,
159,부산,2019-10-01,18.6,139.9,3,
159,부산,2019-11-01,13,13.8,2.7,
159,부산,2019-12-01,7,50.3,2.6,
159,부산,2020-01-01,6.4,127.7,3,
159,부산,2020-02-01,7.1,94.9,3.1,
159,부산,2020-03-01,10.4,58.8,3.6,
159,부산,2020-04-01,12.6,83.5,3.7,
159,부산,2020-05-01,17.9,96.2,3.1,
159,부산,2020-06-01,22.4,321.1,3,
159,부산,2020-07-01,22.1,796.8,2.7,
159,부산,2020-08-01,27.2,399.2,4,
159,부산,2020-09-01,21.9,230.5,3.5,
159,부산,2020-10-01,17.3,26.4,2.8,
159,부산,2020-11-01,12.4,36.3,2.8,
159,부산,2020-12-01,4.3,10.2,2.9,
159,부산,2021-01-01,3.3,25.8,3.2,
159,부산,2021-02-01,7.2,49.5,3.7,
159,부산,2021-03-01,11.4,127.5,3.3,
159,부산,2021-04-01,14.7,107.1,3.4,
159,부산,2021-05-01,17.7,139.2,3.5,
159,부산,2021-06-01,21.9,232.3,2.6,
159,부산,2021-07-01,26.3,399.9,3.2,
159,부산,2021-08-01,26.2,481.2,3,
159,부산,2021-09-01,22.9,164.7,3,
159,부산,2021-10-01,18.7,18.2,2.6,
159,부산,2021-11-01,12.5,57.9,3,
159,부산,2021-12-01,6,4.5,3,
159,부산,2022-01-01,4,0,2.8,
159,부산,2022-02-01,3.6,0,3.3,
159,부산,2022-03-01,10.5,127.4,3.4,
159,부산,2022-04-01,14.9,130.6,3.3,
159,부산,2022-05-01,19,5.4,3.2,
159,부산,2022-06-01,21.7,152,4.3,
159,부산,2022-07-01,26.2,145,2.6,
159,부산,2022-08-01,26.4,176.7,3.7,
159,부산,2022-09-01,22.9,162.4,3,
159,부산,2022-10-01,17.6,9.7,3.1,
159,부산,2022-11-01,14.4,61.3,2.7,
159,부산,2022-12-01,3.3,21.4,3.3,
159,부산,2023-01-01,3.8,79.2,3.2,
159,부산,2023-02-01,6.8,30,3,
159,부산,2023-03-01,12.3,76.2,3.3,
159,부산,2023-04-01,14.6,101.6,3.8,
159,부산,2023-05-01,17.9,290.7,3,
159,부산,2023-06-01,22.5,153.9,3.2,
159,부산,2023-07-01,25.5,701.7,3.5,
159,부산,2023-08-01,27.8,299.9,3.1,
159,부산,2023-09-01,24.5,322.7,2.7,
159,부산,2023-10-01,18.3,4.2,2.8,
159,부산,2023-11-01,11.8,28.5,3.5,0.3
159,부산,2023-12-01,6.4,102.8,3.2,0
159,부산,2024-01-01,5.1,40.6,3.2,
159,부산,2024-02-01,7.4,137.1,3.5,
159,부산,2024-03-01,9.6,102,3.7,
159,부산,2024-04-01,15.9,166.8,2.7,
159,부산,2024-05-01,18.6,148.4,3.5,
159,부산,2024-06-01,22.6,173.7,3,
159,부산,2024-07-01,26,362.4,4.4,
159,부산,2024-08-01,29.1,86.5,3.2,
159,부산,2024-09-01,26.7,420.3,2.8,
159,부산,2024-10-01,19.5,208.8,3.1,
159,부산,2024-11-01,13.7,99.1,3.2,
159,부산,2024-12-01,5.7,0,3.4,
159,부산,2025-01-01,4,7.6,3.4,
159,부산,2025-02-01,2.9,32,3.6,
159,부산,2025-03-01,9.8,52,3.7,
159,부산,2025-04-01,14,75.3,3.8,
159,부산,2025-05-01,17.4,132.7,3.2,
159,부산,2025-06-01,22.3,292.7,3.3,
159,부산,2025-07-01,27.8,241.8,3.1,
159,부산,2025-08-01,28.3,157.8,3.4,
165,목포,2015-01-01,2.5,41.1,4.3,4
165,목포,2015-02-01,3.2,25.7,4.2,0.2
165,목포,2015-03-01,6.9,34.4,3.5,
165,목포,2015-04-01,12.7,159.6,3,
165,목포,2015-05-01,17.7,77.8,2.9,
165,목포,2015-06-01,21.5,117.8,2.6,
165,목포,2015-07-01,24.8,159.6,2.6,
165,목포,2015-08-01,25.9,86.5,2.2,
165,목포,2015-09-01,22,79.5,2.1,
165,목포,2015-10-01,17.3,84.2,2.8,
165,목포,2015-11-01,12.2,106.8,2.8,0.3
165,목포,2015-12-01,6.3,68.6,3.4,3.3
165,목포,2016-01-01,1.8,79.2,3.7,25
165,목포,2016-02-01,3.7,40.5,4.2,2.1
165,목포,2016-03-01,7.5,54.9,3.4,
165,목포,2016-04-01,13.8,192,2.9,
165,목포,2016-05-01,18.6,119.9,3,
165,목포,2016-06-01,22.2,133.6,2.5,
165,목포,2016-07-01,26.1,249.2,2.9,
165,목포,2016-08-01,27.9,20.4,2.7,
165,목포,2016-09-01,23.1,197.8,2,
165,목포,2016-10-01,17.3,203.1,2.8,
165,목포,2016-11-01,10,61.5,3.3,
165,목포,2016-12-01,5.5,45.9,4,
165,목포,2017-01-01,2.6,13.9,3.8,1.8
165,목포,2017-02-01,3,32.3,4.6,9.1
165,목포,2017-03-01,6.6,28.5,3.5,
165,목포,2017-04-01,13.6,46.5,3.4,
165,목포,2017-05-01,18.7,14,2.9,
165,목포,2017-06-01,21.9,28.5,3,
165,목포,2017-07-01,27.2,138.2,3.1,
165,목포,2017-08-01,27,201.8,3.3,
165,목포,2017-09-01,22.2,109.4,2.8,
165,목포,2017-10-01,16.7,62.7,3.5,
165,목포,2017-11-01,9.1,1.4,4.1,
165,목포,2017-12-01,2.6,45.3,3.9,5.7
165,목포,2018-01-01,0.1,58,4.2,21.2
165,목포,2018-02-01,1.1,39.3,4.2,18.3
165,목포,2018-03-01,8.6,152.7,3.1,0
165,목포,2018-04-01,13.7,169,3.7,
165,목포,2018-05-01,18.2,89.3,3.3,
165,목포,2018-06-01,22.6,162,3,
165,목포,2018-07-01,27.7,67.6,2.9,
165,목포,2018-08-01,28.7,246.2,3.2,
165,목포,2018-09-01,22.3,151.4,2.8,
165,목포,2018-10-01,15.5,138.4,3.7,
165,목포,2018-11-01,10.6,51.1,2.7,
165,목포,2018-12-01,3.7,38.3,4.1,5.2
165,목포,2019-01-01,2.2,13.3,4.1,3.9
165,목포,2019-02-01,3.3,29.6,4.3,2.9
165,목포,2019-03-01,7.7,38.5,4,
165,목포,2019-04-01,12.3,86.3,3,
165,목포,2019-05-01,18.1,122.9,3.2,
165,목포,2019-06-01,21.2,172.3,2.7,
165,목포,2019-07-01,24.8,167,3.1,
165,목포,2019-08-01,27,144.9,2.8,
165,목포,2019-09-01,22.9,259.3,2.9,
165,목포,2019-10-01,17.3,159,3.2,
165,목포,2019-11-01,10.3,14.6,3.9,
165,목포,2019-12-01,4.9,40.7,4.1,0
165,목포,2020-01-01,3.6,72,3.8,
165,목포,2020-02-01,4.2,28.9,3.7,3.1
165,목포,2020-03-01,7.4,28.8,4.3,
165,목포,2020-04-01,10.3,60.9,4.3,
165,목포,2020-05-01,17.2,141.4,3.5,
165,목포,2020-06-01,22.2,261.5,2.8,
165,목포,2020-07-01,23,366.3,2.9,
165,목포,2020-08-01,27.7,206.4,3.5,
165,목포,2020-09-01,21.9,208.6,3.1,
165,목포,2020-10-01,15.9,20.5,3.5,
165,목포,2020-11-01,11.2,14,4.1,
165,목포,2020-12-01,3.2,18.4,3.7,5
165,목포,2021-01-01,2,39.7,3.6,12.1
165,목포,2021-02-01,4.9,25.9,4.3,2.2
165,목포,2021-03-01,9.2,127.4,3.7,
165,목포,2021-04-01,13.9,51.9,3.7,
165,목포,2021-05-01,17.6,112.3,3.4,
165,목포,2021-06-01,22.7,108.3,2.7,
165,목포,2021-07-01,26.8,327.5,2.9,
165,목포,2021-08-01,26.4,124.4,2.7,
165,목포,2021-09-01,23.4,91.4,2.9,
165,목포,2021-10-01,17.7,14.7,3.2,
165,목포,2021-11-01,11.3,63.9,3.4,
165,목포,2021-12-01,4.8,13.6,4,15.6
165,목포,2022-01-01,1.5,4.3,3.9,1.9
165,목포,2022-02-01,1.6,4.5,4.5,4
165,목포,2022-03-01,8.5,78.9,3.9,
165,목포,2022-04-01,13.8,74.7,3.4,
165,목포,2022-05-01,17.7,2.6,3.3,
165,목포,2022-06-01,22.7,90.2,3.5,
165,목포,2022-07-01,26.6,196.3,3.1,
165,목포,2022-08-01,26.7,92.3,3.4,
165,목포,2022-09-01,22.5,101.9,3.3,
165,목포,2022-10-01,15.8,38.3,4.1,
165,목포,2022-11-01,12.1,33.1,3.6,0.4
165,목포,2022-12-01,1.9,22.8,4.1,16.1
165,목포,2023-01-01,2.1,35.2,4.2,4.5
165,목포,2023-02-01,3.3,26.8,4,0.5
165,목포,2023-03-01,9.3,22.6,3.8,
165,목포,2023-04-01,13.3,88.8,3.5,
165,목포,2023-05-01,18.2,158.1,3.2,
165,목포,2023-06-01,22.2,168.8,3.2,
165,목포,2023-07-01,25.9,629.2,3.3,
165,목포,2023-08-01,27.3,152.9,3,
165,목포,2023-09-01,24,146.7,2.8,
165,목포,2023-10-01,17.3,7.1,3.3,
165,목포,2023-11-01,10.6,75.7,4.6,
165,목포,2023-12-01,5.2,66,3.6,22.2
165,목포,2024-01-01,3.3,55.9,4.1,8.5
165,목포,2024-02-01,5.9,108.5,3.6,
165,목포,2024-03-01,7.8,73.3,3.9,2.1
165,목포,2024-04-01,14.7,81.7,2.8,
165,목포,2024-05-01,17.9,101.6,3.6,
165,목포,2024-06-01,22.5,143.3,3,
165,목포,2024-07-01,26.7,197.8,3.8,
165,목포,2024-08-01,28.4,186.7,2.6,
165,목포,2024-09-01,26.5,124.1,2.6,
165,목포,2024-10-01,18.2,142.1,3.1,
165,목포,2024-11-01,12.2,61.3,4.1,
165,목포,2024-12-01,4.8,8.9,4.2,2.8
165,목포,2025-01-01,2.5,19.8,3.5,4.6
165,목포,2025-02-01,1.5,42.3,4.7,12.7
165,목포,2025-03-01,8.4,33.2,4,0.6
165,목포,2025-04-01,13,43.5,3.8,
165,목포,2025-05-01,17.1,109.5,3.4,
165,목포,2025-06-01,22.7,207.4,3.1,
165,목포,2025-07-01,27.9,273.2,2.8,
165,목포,2025-08-01,27.8,188,2.7,
184,제주,2015-01-01,7.4,82.4,3.9,1.8
184,제주,2015-02-01,7.3,35.5,3.7,0.5
184,제주,2015-03-01,10.4,80.7,2.9,0
184,제주,2015-04-01,15.1,147.9,2.9,
184,제주,2015-05-01,18.8,150,2.6,
184,제주,2015-06-01,22,186.4,2.3,
184,제주,2015-07-01,25.6,329.7,3.1,
184,제주,2015-08-01,26.4,248.6,2.5,
184,제주,2015-09-01,23.2,172.9,2.7,
184,제주,2015-10-01,19.2,31,3.1,
184,제주,2015-11-01,15.2,173.2,3,
184,제주,2015-12-01,10,90,3.6,
184,제주,2016-01-01,6.1,125.6,4.3,12
184,제주,2016-02-01,7.3,40,4.3,
184,제주,2016-03-01,10.8,96.9,3,
184,제주,2016-04-01,15.6,121.4,2.9,
184,제주,2016-05-01,18.9,113,2.7,
184,제주,2016-06-01,22.2,162.7,2.4,
184,제주,2016-07-01,27.4,98.6,2.7,
184,제주,2016-08-01,28.5,75.6,3.1,
184,제주,2016-09-01,23.9,172.3,2.6,
184,제주,2016-10-01,20.1,282.4,2.9,
184,제주,2016-11-01,13.7,71.3,3.2,
184,제주,2016-12-01,9.5,56.6,3.5,
184,제주,2017-01-01,6.6,50.7,3.7,0
184,제주,2017-02-01,6.8,39.1,3.9,2.8
184,제주,2017-03-01,9.8,48.2,3.3,
184,제주,2017-04-01,15.7,51.4,3.1,
184,제주,2017-05-01,19.5,38.5,2.6,
184,제주,2017-06-01,22,60.7,2.5,
184,제주,2017-07-01,29.2,35.2,2.7,
184,제주,2017-08-01,28.7,159.5,2.8,
184,제주,2017-09-01,24,83.4,2.9,
184,제주,2017-10-01,19.3,162,3.2,
184,제주,2017-11-01,12.6,19.2,3,
184,제주,2017-12-01,7.2,25.4,3.9,
184,제주,2018-01-01,4.9,58,3.8,7
184,제주,2018-02-01,5.5,86.6,3.7,14.4
184,제주,2018-03-01,11.4,118,3,
184,제주,2018-04-01,15.9,112.5,2.9,
184,제주,2018-05-01,19.1,98.8,2.9,
184,제주,2018-06-01,22.3,211.1,2.7,
184,제주,2018-07-01,27.3,48.7,2.7,
184,제주,2018-08-01,28.8,376.5,3.3,
184,제주,2018-09-01,23.9,187.7,2.8,
184,제주,2018-10-01,17.9,347,3.2,
184,제주,2018-11-01,13.9,28.6,2.6,
184,제주,2018-12-01,8.7,96,3.6,
184,제주,2019-01-01,6.4,24.2,3.3,
184,제주,2019-02-01,7.4,37.9,3,
184,제주,2019-03-01,10.8,55.5,3.5,
184,제주,2019-04-01,14.7,46.4,3,
184,제주,2019-05-01,20,42.8,3,
184,제주,2019-06-01,21.5,145.8,2.6,
184,제주,2019-07-01,25.2,510.1,2.6,
184,제주,2019-08-01,27.7,242.3,2.8,
184,제주,2019-09-01,24,610.6,2.9,
184,제주,2019-10-01,19.7,188.6,2.9,
184,제주,2019-11-01,14.6,27.5,3,
184,제주,2019-12-01,9.7,48.2,3.3,
184,제주,2020-01-01,8.9,116.7,3.5,
184,제주,2020-02-01,9.1,29.8,3.3,
184,제주,2020-03-01,11.5,81.6,3.2,
184,제주,2020-04-01,13.2,82.3,3.3,
184,제주,2020-05-01,18.8,20.6,2.9,
184,제주,2020-06-01,22.4,221.5,2.7,
184,제주,2020-07-01,24.2,184.7,2.9,
184,제주,2020-08-01,29.4,140.4,2.9,
184,제주,2020-09-01,22.9,400.5,3,
184,제주,2020-10-01,18.4,53.7,2.9,
184,제주,2020-11-01,14.1,28.2,2.9,
184,제주,2020-12-01,7.7,29.5,3.4,2.1
184,제주,2021-01-01,6.8,116.6,3.9,9.2
184,제주,2021-02-01,9.4,52.8,3.9,1.8
184,제주,2021-03-01,12.5,81.1,3.1,
184,제주,2021-04-01,15.4,58.8,3.2,
184,제주,2021-05-01,19,100.7,3,
184,제주,2021-06-01,23.4,122.4,2.4,
184,제주,2021-07-01,27.8,247.1,3.1,
184,제주,2021-08-01,27.3,227.8,2.5,
184,제주,2021-09-01,24.9,493.1,3.4,
184,제주,2021-10-01,20.1,32.1,2.9,
184,제주,2021-11-01,14,63.8,3.7,
184,제주,2021-12-01,8.9,31.4,4.2,4.4
184,제주,2022-01-01,6.2,33.6,3.5,0.4
184,제주,2022-02-01,5.6,25.1,4.1,0.3
184,제주,2022-03-01,11.4,96.1,3.2,
184,제주,2022-04-01,15.5,84,2.8,
184,제주,2022-05-01,19.4,9.1,2.9,
184,제주,2022-06-01,23.9,143.6,3.3,
184,제주,2022-07-01,28.4,149,3.1,
184,제주,2022-08-01,29.2,124.3,3.1,
184,제주,2022-09-01,24.1,265.8,3.4,
184,제주,2022-10-01,18.4,22.1,3.5,
184,제주,2022-11-01,15.2,87.8,3.1,
184,제주,2022-12-01,6.9,35.3,4.5,2.7
184,제주,2023-01-01,6.8,42.1,4,3.7
184,제주,2023-02-01,7.7,89.6,3.1,
184,제주,2023-03-01,12.3,49.6,2.7,
184,제주,2023-04-01,15.5,62.1,3.6,
184,제주,2023-05-01,19.1,269.3,2.7,
184,제주,2023-06-01,23.4,213,3.1,
184,제주,2023-07-01,28.1,273.2,3,
184,제주,2023-08-01,28.8,182.5,3.1,
184,제주,2023-09-01,25.5,84.5,2.8,
184,제주,2023-10-01,19.4,36,3,
184,제주,2023-11-01,13.7,69.1,3.9,
184,제주,2023-12-01,9.4,73.9,4,12.2
184,제주,2024-01-01,7.8,93.4,3.9,3.7
184,제주,2024-02-01,9.5,205.4,3.6,
184,제주,2024-03-01,10.9,98.1,3.7,
184,제주,2024-04-01,16.4,80.2,2.7,
184,제주,2024-05-01,19.1,42.9,3.1,
184,제주,2024-06-01,23.1,271.8,2.8,
184,제주,2024-07-01,28.9,156,3.5,
184,제주,2024-08-01,29.9,47,2.9,
184,제주,2024-09-01,27.6,126.2,2.9,
184,제주,2024-10-01,20.9,135.2,3.2,
184,제주,2024-11-01,15.1,335.7,3.7,
184,제주,2024-12-01,8.7,5.8,4.4,
184,제주,2025-01-01,6.7,25.4,4.2,0.8
184,제주,2025-02-01,5.2,61.4,4.4,2.8
184,제주,2025-03-01,11.5,82.5,4,
184,제주,2025-04-01,15.4,23.9,3.3,
184,제주,2025-05-01,18,81.8,2.9,
184,제주,2025-06-01,23.4,85.1,2.7,
184,제주,2025-07-01,28.3,141.9,3.2,
184,제주,2025-08-01,29.5,69.6,2.9,
243,부안,2015-01-01,0.6,44.1,1.5,
243,부안,2015-02-01,2.2,20.5,1.8,
243,부안,2015-03-01,5.8,41,1.9,
243,부안,2015-04-01,12.6,129.2,1.9,
243,부안,2015-05-01,17.4,44.1,2,
243,부안,2015-06-01,21.7,120.3,1.8,
243,부안,2015-07-01,24.8,123.6,2,
243,부안,2015-08-01,25.6,59.4,1.5,
243,부안,2015-09-01,21,42.4,1.4,
243,부안,2015-10-01,15.6,99.8,1.5,
243,부안,2015-11-01,10.8,125.2,1.4,
243,부안,2015-12-01,4.2,74.5,1.4,
243,부안,2016-01-01,-0.5,51.1,1.3,
243,부안,2016-02-01,2.3,40.6,1.9,
243,부안,2016-03-01,6.6,52,1.8,
243,부안,2016-04-01,13.1,179.5,2,
243,부안,2016-05-01,18.4,99.9,2.1,
243,부안,2016-06-01,22.3,42,1.7,
243,부안,2016-07-01,26.2,220.7,1.8,
243,부안,2016-08-01,27.3,30.2,1.7,
243,부안,2016-09-01,22.3,139.3,1.7,
243,부안,2016-10-01,16.1,128.7,1.5,
243,부안,2016-11-01,8.1,34.6,1.5,
243,부안,2016-12-01,3.5,56.9,1.6,
243,부안,2017-01-01,0.6,18.7,1.6,
243,부안,2017-02-01,1.7,37.8,1.9,
243,부안,2017-03-01,5.6,21.9,1.8,
243,부안,2017-04-01,12.9,61.1,2.2,
243,부안,2017-05-01,18.2,38.3,1.8,
243,부안,2017-06-01,21.7,25.2,1.8,
243,부안,2017-07-01,27.1,372.6,1.9,
243,부안,2017-08-01,26.1,137.8,1.6,
243,부안,2017-09-01,21,105,1.4,
243,부안,2017-10-01,15.5,35.5,1.5,
243,부안,2017-11-01,7.2,10.6,1.7,
243,부안,2017-12-01,1,42,1.6,
243,부안,2018-01-01,-1.7,34.6,1.5,
243,부안,2018-02-01,-0.2,31.5,1.9,
243,부안,2018-03-01,7.8,98.5,2,
243,부안,2018-04-01,12.9,124.6,2.2,
243,부안,2018-05-01,17.9,112.5,2.2,
243,부안,2018-06-01,22.4,105,1.8,
243,부안,2018-07-01,27.4,258.2,1.7,
243,부안,2018-08-01,28.2,299.5,1.8,
243,부안,2018-09-01,21.3,67,1.4,
243,부안,2018-10-01,13.6,161.5,1.4,
243,부안,2018-11-01,8.7,39.7,1.1,
243,부안,2018-12-01,1.8,26.4,1.4,
243,부안,2019-01-01,0.4,8.8,1.3,
243,부안,2019-02-01,2.1,25.1,1.7,
243,부안,2019-03-01,7,30.4,2,
243,부안,2019-04-01,11.7,104.5,1.5,
243,부안,2019-05-01,17.9,60.7,1.8,
243,부안,2019-06-01,21,89,1.5,
243,부안,2019-07-01,25.3,225.5,1.9,
243,부안,2019-08-01,26.8,127.4,1.6,
243,부안,2019-09-01,22.2,243,1.6,
243,부안,2019-10-01,16.1,86.6,1.2,
243,부안,2019-11-01,9.4,55.6,1.3,
243,부안,2019-12-01,4,30.9,1.3,
243,부안,2020-01-01,3.3,79.1,1.3,
243,부안,2020-02-01,3.9,59,1.4,
243,부안,2020-03-01,7.6,22.1,1.9,
243,부안,2020-04-01,10.3,22.2,2,
243,부안,2020-05-01,17.6,111.9,1.9,
243,부안,2020-06-01,22.4,157.6,1.6,
243,부안,2020-07-01,23.1,509.8,1.5,
243,부안,2020-08-01,27.2,421.6,2,
243,부안,2020-09-01,21,224.3,1.5,
243,부안,2020-10-01,14.5,6.8,1.2,
243,부안,2020-11-01,9.4,49.4,1.3,
243,부안,2020-12-01,1.8,31,1.1,
243,부안,2021-01-01,0,32.6,1.4,
243,부안,2021-02-01,4.1,23.3,1.9,
243,부안,2021-03-01,8.4,100.4,1.6,
243,부안,2021-04-01,13.2,46.4,1.9,
243,부안,2021-05-01,17.1,81.7,2,
243,부안,2021-06-01,22.3,97.1,1.6,
243,부안,2021-07-01,26.7,224.6,1.4,
243,부안,2021-08-01,25.4,409.7,1.2,
243,부안,2021-09-01,22.4,166.6,1.5,
243,부안,2021-10-01,16,50.3,1.1,
243,부안,2021-11-01,9.6,100.3,1.3,
243,부안,2021-12-01,3.2,21,1.3,
243,부안,2022-01-01,0.1,5.2,1,
243,부안,2022-02-01,0.7,11,1.5,
243,부안,2022-03-01,7.7,69.7,1.7,
243,부안,2022-04-01,13.4,58.3,1.7,
243,부안,2022-05-01,18,7.2,1.6,
243,부안,2022-06-01,23,172.8,2.1,
243,부안,2022-07-01,26.5,126.1,1.6,
243,부안,2022-08-01,26,276.7,1.7,
243,부안,2022-09-01,21.9,85.9,,
243,부안,2022-10-01,14.7,37.6,1.3,
243,부안,2022-11-01,10.4,63.7,1.1,
243,부안,2022-12-01,-0.1,57,1.2,
243,부안,2023-01-01,0.7,35.4,1.2,
243,부안,2023-02-01,2.4,4.8,1.2,
243,부안,2023-03-01,8.9,19.8,1.7,
243,부안,2023-04-01,13.3,48.6,1.9,
243,부안,2023-05-01,18.6,236.7,1.7,
243,부안,2023-06-01,22.6,247.2,1.8,
243,부안,2023-07-01,26.1,647.2,1.9,
243,부안,2023-08-01,27,168.5,1.4,
243,부안,2023-09-01,23.1,191.2,1.1,
243,부안,2023-10-01,16,13.3,1.1,
243,부안,2023-11-01,9.2,104.7,1.7,
243,부안,2023-12-01,3.9,136.2,1.5,
243,부안,2024-01-01,2,54.7,1.2,
243,부안,2024-02-01,5.2,130.9,1.5,
243,부안,2024-03-01,7.3,75.2,1.9,
243,부안,2024-04-01,14.5,56.6,1.4,
243,부안,2024-05-01,17.7,88.3,1.8,
243,부안,2024-06-01,22.9,77.7,1.6,
243,부안,2024-07-01,27.1,325.5,2.1,
243,부안,2024-08-01,28.5,37.2,1.4,
243,부안,2024-09-01,25.8,165.1,1.1,
243,부안,2024-10-01,16.8,71.6,1,
243,부안,2024-11-01,10.5,50.4,1.3,
243,부안,2024-12-01,3.3,35,1.2,
243,부안,2025-01-01,1,44.8,1.2,
243,부안,2025-02-01,0.5,35.6,1.4,
243,부안,2025-03-01,8.3,43,2.1,
243,부안,2025-04-01,13.1,62.6,2.1,
243,부안,2025-05-01,17.4,82.9,1.8,
243,부안,2025-06-01,23.1,317.6,1.7,
243,부안,2025-07-01,27.8,209,1.5,
243,부안,2025-08-01,27.4,155.9,1.3,
277,영덕,2015-01-01,1.8,9.9,3.3,
277,영덕,2015-02-01,2.9,9.1,3.1,
277,영덕,2015-03-01,7.6,36.5,3.4,
277,영덕,2015-04-01,12.5,85.5,3.4,
277,영덕,2015-05-01,19.1,12.1,2.7,
277,영덕,2015-06-01,20.1,103.6,2.8,
277,영덕,2015-07-01,23.3,98,2.8,
277,영덕,2015-08-01,25.3,111.1,2.3,
277,영덕,2015-09-01,19.3,82,2.9,
277,영덕,2015-10-01,14.8,16.5,2.7,
277,영덕,2015-11-01,10.3,220.5,3.1,
277,영덕,2015-12-01,4.9,26.5,2.9,
277,영덕,2016-01-01,0.5,12.5,3.6,
277,영덕,2016-02-01,2.8,18.1,3.3,
277,영덕,2016-03-01,7.4,27.1,2.8,
277,영덕,2016-04-01,13,158.5,3.4,
277,영덕,2016-05-01,18.5,27.1,3,
277,영덕,2016-06-01,21.7,56.3,2.2,
277,영덕,2016-07-01,24.5,173.2,1.8,
277,영덕,2016-08-01,25.7,69.6,2.6,
277,영덕,2016-09-01,20.8,322.6,2.5,
277,영덕,2016-10-01,16,136.2,2.4,
277,영덕,2016-11-01,9.2,44.3,2.6,
277,영덕,2016-12-01,5,42.8,3.1,
277,영덕,2017-01-01,1.8,21.5,3.4,
277,영덕,2017-02-01,3.4,16,3.5,
277,영덕,2017-03-01,7.3,9,3,
277,영덕,2017-04-01,14.8,57,3,
277,영덕,2017-05-01,19.4,15.9,2.8,
277,영덕,2017-06-01,20.8,34.8,2.5,
277,영덕,2017-07-01,26.4,172.4,2.2,
277,영덕,2017-08-01,24.4,322.1,2.1,
277,영덕,2017-09-01,20.5,103.8,2.5,
277,영덕,2017-10-01,15.6,121.2,2.6,
277,영덕,2017-11-01,8.8,0.1,2.8,
277,영덕,2017-12-01,0.9,6.5,3.4,
277,영덕,2018-01-01,-0.4,12,3.4,
277,영덕,2018-02-01,1.1,30,3.3,
277,영덕,2018-03-01,9.1,105.5,4.2,
277,영덕,2018-04-01,13.9,149.6,3.5,
277,영덕,2018-05-01,17.2,71.4,3.1,
277,영덕,2018-06-01,22,29.3,2.6,
277,영덕,2018-07-01,26.1,211.6,2.6,
277,영덕,2018-08-01,25.9,196.2,2,
277,영덕,2018-09-01,20.1,140.5,2.3,
277,영덕,2018-10-01,13.6,358.1,2.7,
277,영덕,2018-11-01,9.2,42.2,2.3,
277,영덕,2018-12-01,2.9,19,2.7,
277,영덕,2019-01-01,2.5,9.5,2.8,
277,영덕,2019-02-01,4.3,17.1,2.8,
277,영덕,2019-03-01,8.7,18.6,3.1,
277,영덕,2019-04-01,11.9,103.5,3,
277,영덕,2019-05-01,19.4,24.9,2.7,
277,영덕,2019-06-01,20.4,242.2,2.2,
277,영덕,2019-07-01,24.9,130.7,2.4,
277,영덕,2019-08-01,26,152.6,2.3,
277,영덕,2019-09-01,22,175,2.4,
277,영덕,2019-10-01,16.4,455.5,3,
277,영덕,2019-11-01,10.1,105.2,2.4,
277,영덕,2019-12-01,4.5,21.1,2.7,
277,영덕,2020-01-01,4.2,118.4,3.1,
277,영덕,2020-02-01,4.7,51.6,3.3,
277,영덕,2020-03-01,8.4,14.3,3,
277,영덕,2020-04-01,11.5,40,3.6,
277,영덕,2020-05-01,17.2,56.1,2.5,
277,영덕,2020-06-01,22.1,165.6,2.3,
277,영덕,2020-07-01,21,507.5,2,
277,영덕,2020-08-01,26.2,123.3,1.8,
277,영덕,2020-09-01,19.6,205.7,2.9,
277,영덕,2020-10-01,14.5,1.5,2.7,
277,영덕,2020-11-01,10.1,24.6,2.8,
277,영덕,2020-12-01,2.6,0.2,3.2,
277,영덕,2021-01-01,0.6,8.1,3.2,
277,영덕,2021-02-01,4.9,8.4,3.2,
277,영덕,2021-03-01,9.2,73.9,2.8,
277,영덕,2021-04-01,12.2,68.6,3.2,
277,영덕,2021-05-01,16.2,130.7,2.3,
277,영덕,2021-06-01,20.4,58.6,1.9,
277,영덕,2021-07-01,24.7,139.2,1.7,
277,영덕,2021-08-01,23.8,456.7,2,
277,영덕,2021-09-01,20.6,159.5,2.2,
277,영덕,2021-10-01,15.4,148.1,2.1,
277,영덕,2021-11-01,9.9,35.2,2.5,
277,영덕,2021-12-01,3.7,0,3.3,
277,영덕,2022-01-01,1.2,3.3,2.9,
277,영덕,2022-02-01,1.3,4.4,3.5,
277,영덕,2022-03-01,8.3,79.6,2.8,
277,영덕,2022-04-01,14.2,35.6,3,
277,영덕,2022-05-01,18.4,5.4,2.6,
277,영덕,2022-06-01,22,54,2.4,
277,영덕,2022-07-01,24.7,115.6,1.7,
277,영덕,2022-08-01,24.7,124.7,1.7,
277,영덕,2022-09-01,20,141.5,2.8,
277,영덕,2022-10-01,14.4,62.8,2.3,
277,영덕,2022-11-01,11.4,172.2,2.5,
277,영덕,2022-12-01,0.7,3.1,3.4,
277,영덕,2023-01-01,1.5,22.9,3.3,
277,영덕,2023-02-01,4.2,45.3,2.7,
277,영덕,2023-03-01,10.2,30.6,2.5,
277,영덕,2023-04-01,13.3,37.3,2.6,
277,영덕,2023-05-01,17.2,115.5,2.4,
277,영덕,2023-06-01,21.7,113.4,2.1,
277,영덕,2023-07-01,24.8,260.3,1.6,
277,영덕,2023-08-01,25.3,216.6,2.3,
277,영덕,2023-09-01,21.9,232.6,2.2,
277,영덕,2023-10-01,15.3,9.9,2.2,
277,영덕,2023-11-01,9.6,9.1,2.8,
277,영덕,2023-12-01,3.7,135.2,3.1,
277,영덕,2024-01-01,2.4,20.6,3.2,
277,영덕,2024-02-01,4.7,117.7,3.2,
277,영덕,2024-03-01,7.1,55.4,3.2,
277,영덕,2024-04-01,14.2,66.6,3.2,
277,영덕,2024-05-01,17.3,87.4,3,
277,영덕,2024-06-01,22.1,71.9,2.1,
277,영덕,2024-07-01,26.2,121.6,2.2,
277,영덕,2024-08-01,27.1,28.9,2.3,
277,영덕,2024-09-01,23.2,128.8,2.4,
277,영덕,2024-10-01,16.3,119.2,2.4,
277,영덕,2024-11-01,10.8,30.3,2.4,
277,영덕,2024-12-01,3.3,0,3.2,
277,영덕,2025-01-01,1.6,11.8,3.1,
277,영덕,2025-02-01,1.2,1.2,3.6,
277,영덕,2025-03-01,8.1,56.7,3.4,
277,영덕,2025-04-01,13,41.8,2.8,
277,영덕,2025-05-01,16.4,135.9,2.5,
277,영덕,2025-06-01,23.1,150.2,1.9,
277,영덕,2025-07-01,26.3,120,2.2,
277,영덕,2025-08-01,27.3,42.3,1.8,
